"id","title","description","due_date","course_id","professor_id","created_at","updated_at"
"1","Assignment 1","Et accusamus totam sit doloremque saepe.","2022-02-11","1","5","2022-02-01 00:00:00","2025-04-29 11:38:43"
"2","Assignment 2","Et quos et et officiis voluptatibus commodi occaecati.","2022-03-11","1","5","2022-03-01 00:00:00","2025-04-29 11:39:07"
"3","Assignment 3","Aperiam asperiores laboriosam quas occaecati eos.","2022-04-11","1","5","2022-04-01 00:00:00","2025-04-29 11:39:29"
"4","Assignment 1","Magnam excepturi iusto sed inventore sunt natus voluptas.","2023-02-11","1","5","2023-02-01 00:00:00","2025-04-29 11:39:52"
"5","Assignment 2","Exercitationem ullam a a provident omnis laborum veniam.","2023-03-11","1","5","2023-03-01 00:00:00","2025-04-29 11:40:14"
"6","Assignment 3","Magni doloremque sed maiores consequuntur sint et ducimus.","2023-04-11","1","5","2023-04-01 00:00:00","2025-04-29 11:40:38"
"7","Assignment 1","Eos perspiciatis ut voluptates.","2024-02-11","1","5","2024-02-01 00:00:00","2025-04-29 11:41:00"
"8","Assignment 2","Voluptas nesciunt et dignissimos id laudantium.","2024-03-11","1","5","2024-03-01 00:00:00","2025-04-29 11:41:08"
"9","Assignment 3","Voluptas molestias commodi qui ea iste.","2024-04-11","1","5","2024-04-01 00:00:00","2025-04-29 11:41:16"
"10","Assignment 1","Sunt fugit esse qui sint.","2025-02-11","1","5","2025-02-01 00:00:00","2025-04-29 11:41:22"
"11","Assignment 2","Distinctio fugit enim voluptas vitae architecto iste vel facere.","2025-03-11","1","5","2025-03-01 00:00:00","2025-04-29 11:41:28"
"12","Assignment 3","Minima dolor quibusdam iure est fuga.","2025-04-11","1","5","2025-04-01 00:00:00","2025-04-29 11:41:36"
"13","Assignment 1","Velit nihil aut libero voluptates ut.","2022-02-11","2","9","2022-02-01 00:00:00","2025-04-29 11:41:43"
"14","Assignment 2","Necessitatibus sed impedit ut.","2022-03-11","2","9","2022-03-01 00:00:00","2025-04-29 11:42:07"
"15","Assignment 3","Harum cupiditate autem aspernatur sit quo.","2022-04-11","2","9","2022-04-01 00:00:00","2025-04-29 11:42:31"
"16","Assignment 1","Dicta corporis et nobis aut labore.","2023-02-11","2","9","2023-02-01 00:00:00","2025-04-29 11:42:53"
"17","Assignment 2","Ipsum quo itaque repellendus eaque praesentium qui nemo.","2023-03-11","2","9","2023-03-01 00:00:00","2025-04-29 11:43:17"
"18","Assignment 3","Dicta assumenda illum voluptatum maxime.","2023-04-11","2","9","2023-04-01 00:00:00","2025-04-29 11:43:40"
"19","Assignment 1","Ullam et sit perferendis accusamus sit molestiae.","2024-02-11","2","9","2024-02-01 00:00:00","2025-04-29 11:44:03"
"20","Assignment 2","Explicabo reiciendis voluptatum et voluptas rerum autem ex.","2024-03-11","2","9","2024-03-01 00:00:00","2025-04-29 11:44:10"
"21","Assignment 3","Quod tempora non aperiam sapiente.","2024-04-11","2","9","2024-04-01 00:00:00","2025-04-29 11:44:18"
"22","Assignment 1","Impedit accusantium eaque ipsa ab.","2025-02-11","2","9","2025-02-01 00:00:00","2025-04-29 11:44:26"
"23","Assignment 2","Quos soluta adipisci sit earum molestiae voluptatem.","2025-03-11","2","9","2025-03-01 00:00:00","2025-04-29 11:44:34"
"24","Assignment 3","Exercitationem ut odit tempore voluptatum molestiae.","2025-04-11","2","9","2025-04-01 00:00:00","2025-04-29 11:44:42"
"25","Assignment 1","Deleniti earum aliquid perspiciatis.","2022-02-11","3","7","2022-02-01 00:00:00","2025-04-29 11:44:49"
"26","Assignment 2","Voluptatum nemo et eaque ut eius.","2022-03-11","3","7","2022-03-01 00:00:00","2025-04-29 11:45:11"
"27","Assignment 3","Ut quidem porro consequatur.","2022-04-11","3","7","2022-04-01 00:00:00","2025-04-29 11:45:33"
"28","Assignment 1","Qui assumenda suscipit et omnis ea.","2023-02-11","3","7","2023-02-01 00:00:00","2025-04-29 11:45:59"
"29","Assignment 2","Id deserunt optio vero unde molestiae atque.","2023-03-11","3","7","2023-03-01 00:00:00","2025-04-29 11:46:25"
"30","Assignment 3","Quibusdam placeat reprehenderit quasi nihil ut.","2023-04-11","3","7","2023-04-01 00:00:00","2025-04-29 11:46:47"
"31","Assignment 1","Nihil ut autem in qui.","2024-02-11","3","7","2024-02-01 00:00:00","2025-04-29 11:47:13"
"32","Assignment 2","Vel fuga rerum quis est labore minima.","2024-03-11","3","7","2024-03-01 00:00:00","2025-04-29 11:47:21"
"33","Assignment 3","Tenetur et asperiores rerum corrupti ut sed ea sit.","2024-04-11","3","7","2024-04-01 00:00:00","2025-04-29 11:47:28"
"34","Assignment 1","Exercitationem sit repudiandae et.","2025-02-11","3","7","2025-02-01 00:00:00","2025-04-29 11:47:35"
"35","Assignment 2","Architecto quam perferendis in dolores minima quia aperiam.","2025-03-11","3","7","2025-03-01 00:00:00","2025-04-29 11:47:42"
"36","Assignment 3","Sunt laborum eos consequatur similique.","2025-04-11","3","7","2025-04-01 00:00:00","2025-04-29 11:47:50"
"37","Assignment 1","Quia nihil mollitia debitis provident.","2022-02-11","4","7","2022-02-01 00:00:00","2025-04-29 11:47:58"
"38","Assignment 2","Iure nihil omnis assumenda culpa aut aut qui aut.","2022-03-11","4","7","2022-03-01 00:00:00","2025-04-29 11:48:23"
"39","Assignment 3","Officiis vel molestias tempora nobis eligendi.","2022-04-11","4","7","2022-04-01 00:00:00","2025-04-29 11:48:46"
"40","Assignment 1","Pariatur nobis sint sequi ducimus dolores adipisci odio.","2023-02-11","4","7","2023-02-01 00:00:00","2025-04-29 11:49:08"
"41","Assignment 2","Explicabo exercitationem facilis consequatur iure.","2023-03-11","4","7","2023-03-01 00:00:00","2025-04-29 11:49:31"
"42","Assignment 3","Eum eligendi nam aperiam sunt temporibus iste.","2023-04-11","4","7","2023-04-01 00:00:00","2025-04-29 11:49:52"
"43","Assignment 1","Adipisci labore quo cumque tempore iste.","2024-02-11","4","7","2024-02-01 00:00:00","2025-04-29 11:50:15"
"44","Assignment 2","Magnam quia et rerum ut ratione similique.","2024-03-11","4","7","2024-03-01 00:00:00","2025-04-29 11:50:24"
"45","Assignment 3","Aut et veniam delectus quibusdam ut.","2024-04-11","4","7","2024-04-01 00:00:00","2025-04-29 11:50:32"
"46","Assignment 1","Sit sequi et fugiat in qui est voluptas.","2025-02-11","4","7","2025-02-01 00:00:00","2025-04-29 11:50:40"
"47","Assignment 2","Dolores corrupti inventore qui est qui.","2025-03-11","4","7","2025-03-01 00:00:00","2025-04-29 11:50:48"
"48","Assignment 3","Libero possimus rerum fugit beatae exercitationem recusandae facere.","2025-04-11","4","7","2025-04-01 00:00:00","2025-04-29 11:50:55"
"49","Assignment 1","Porro voluptas omnis consequatur maxime.","2022-02-11","5","6","2022-02-01 00:00:00","2025-04-29 11:51:04"
"50","Assignment 2","Illum culpa fugiat neque suscipit error et.","2022-03-11","5","6","2022-03-01 00:00:00","2025-04-29 11:51:27"
"51","Assignment 3","Excepturi enim sunt magni quo suscipit.","2022-04-11","5","6","2022-04-01 00:00:00","2025-04-29 11:51:51"
"52","Assignment 1","Corrupti nesciunt harum vel aut dicta.","2023-02-11","5","6","2023-02-01 00:00:00","2025-04-29 11:52:16"
"53","Assignment 2","Non expedita facere quia aut aut.","2023-03-11","5","6","2023-03-01 00:00:00","2025-04-29 11:52:39"
"54","Assignment 3","Qui quia tempora praesentium expedita.","2023-04-11","5","6","2023-04-01 00:00:00","2025-04-29 11:53:00"
"55","Assignment 1","Sapiente voluptate natus dolorum et necessitatibus magnam blanditiis.","2024-02-11","5","6","2024-02-01 00:00:00","2025-04-29 11:53:23"
"56","Assignment 2","Reiciendis et commodi est et recusandae vel sit.","2024-03-11","5","6","2024-03-01 00:00:00","2025-04-29 11:53:29"
"57","Assignment 3","Qui officiis facere eos omnis voluptas quos.","2024-04-11","5","6","2024-04-01 00:00:00","2025-04-29 11:53:38"
"58","Assignment 1","Consequatur magnam eius doloribus atque dolores.","2025-02-11","5","6","2025-02-01 00:00:00","2025-04-29 11:53:46"
"59","Assignment 2","Ex non illum et eum.","2025-03-11","5","6","2025-03-01 00:00:00","2025-04-29 11:53:53"
"60","Assignment 3","Ut voluptatem consectetur pariatur non a consequuntur laborum laborum.","2025-04-11","5","6","2025-04-01 00:00:00","2025-04-29 11:54:02"
"61","Assignment 1","Est itaque libero qui quia nihil.","2022-02-11","6","9","2022-02-01 00:00:00","2025-04-29 11:54:10"
"62","Assignment 2","Quia voluptatum eligendi aliquam natus ea.","2022-03-11","6","9","2022-03-01 00:00:00","2025-04-29 11:54:34"
"63","Assignment 3","Vel ut officia sit sapiente quibusdam fuga.","2022-04-11","6","9","2022-04-01 00:00:00","2025-04-29 11:54:58"
"64","Assignment 1","Praesentium autem velit est error reprehenderit nisi.","2023-02-11","6","9","2023-02-01 00:00:00","2025-04-29 11:55:21"
"65","Assignment 2","Sapiente nostrum sequi nemo facilis quia voluptas earum.","2023-03-11","6","9","2023-03-01 00:00:00","2025-04-29 11:55:43"
"66","Assignment 3","Sunt iure est voluptatem et debitis.","2023-04-11","6","9","2023-04-01 00:00:00","2025-04-29 11:56:06"
"67","Assignment 1","Aut error debitis rerum modi.","2024-02-11","6","9","2024-02-01 00:00:00","2025-04-29 11:56:29"
"68","Assignment 2","Qui suscipit fuga amet provident ratione est.","2024-03-11","6","9","2024-03-01 00:00:00","2025-04-29 11:56:37"
"69","Assignment 3","Officiis tenetur et sapiente et at ut fugit.","2024-04-11","6","9","2024-04-01 00:00:00","2025-04-29 11:56:45"
"70","Assignment 1","Quis voluptas quisquam natus voluptas possimus beatae.","2025-02-11","6","9","2025-02-01 00:00:00","2025-04-29 11:56:54"
"71","Assignment 2","Itaque et voluptas vitae dolorem odit quia culpa.","2025-03-11","6","9","2025-03-01 00:00:00","2025-04-29 11:57:01"
"72","Assignment 3","Tempore eaque dolor quo soluta.","2025-04-11","6","9","2025-04-01 00:00:00","2025-04-29 11:57:10"
"73","Assignment 1","Assignment 1 for College Writing II","2025-09-11","7","6","2025-09-01 00:00:00","2025-04-30 05:38:21"
"74","Assignment 2","Assignment 2 for College Writing II","2025-10-11","7","6","2025-10-01 00:00:00","2025-04-30 05:38:21"
"75","Assignment 3","Cum ea voluptas fuga deleniti.","2022-11-11","7","6","2022-11-01 00:00:00","2025-04-29 11:58:01"
"76","Assignment 1","Esse cum minima aliquam quo ullam ratione amet.","2023-09-11","7","6","2023-09-01 00:00:00","2025-04-29 11:58:22"
"77","Assignment 2","Quia sit voluptatem tenetur qui porro modi.","2023-10-11","7","6","2023-10-01 00:00:00","2025-04-29 11:58:46"
"78","Assignment 3","Nemo ut quae est modi.","2023-11-11","7","6","2023-11-01 00:00:00","2025-04-29 11:59:08"
"79","Assignment 1","Est delectus ipsa sit alias quia.","2024-09-11","7","6","2024-09-01 00:00:00","2025-04-29 11:59:31"
"80","Assignment 2","Voluptate nihil libero tenetur sapiente est.","2024-10-11","7","6","2024-10-01 00:00:00","2025-04-29 11:59:40"
"81","Assignment 3","Ut expedita deserunt perferendis et magnam debitis quos.","2024-11-11","7","6","2024-11-01 00:00:00","2025-04-29 11:59:47"
"82","Assignment 1","Quo et sunt provident ullam a natus.","2025-09-11","7","6","2025-09-01 00:00:00","2025-04-29 11:59:56"
"83","Assignment 2","Autem tempore ullam alias velit quaerat est.","2025-10-11","7","6","2025-10-01 00:00:00","2025-04-29 11:59:56"
"84","Assignment 3","Incidunt suscipit tempore tenetur sit aliquam voluptatem pariatur.","2025-11-11","7","6","2025-11-01 00:00:00","2025-04-29 11:59:56"
"85","Assignment 1","Assignment 1 for Calculus I","2025-09-11","8","7","2025-09-01 00:00:00","2025-04-30 05:38:23"
"86","Assignment 2","Assignment 2 for Calculus I","2025-10-11","8","7","2025-10-01 00:00:00","2025-04-30 05:38:23"
"87","Assignment 3","Necessitatibus est et aliquam distinctio illum.","2022-11-11","8","7","2022-11-01 00:00:00","2025-04-29 12:00:45"
"88","Assignment 1","Nobis eaque modi et sit explicabo officia.","2023-09-11","8","7","2023-09-01 00:00:00","2025-04-29 12:01:07"
"89","Assignment 2","Corrupti facere eos et soluta dicta non facere.","2023-10-11","8","7","2023-10-01 00:00:00","2025-04-29 12:01:27"
"90","Assignment 3","Qui sit quia dolore placeat.","2023-11-11","8","7","2023-11-01 00:00:00","2025-04-29 12:01:48"
"91","Assignment 1","Nobis rerum quo omnis qui et excepturi distinctio enim.","2024-09-11","8","7","2024-09-01 00:00:00","2025-04-29 12:02:10"
"92","Assignment 2","Repudiandae laborum deleniti alias.","2024-10-11","8","7","2024-10-01 00:00:00","2025-04-29 12:02:17"
"93","Assignment 3","Error molestias placeat maxime fugiat cupiditate.","2024-11-11","8","7","2024-11-01 00:00:00","2025-04-29 12:02:24"
"94","Assignment 1","Dolor omnis rerum rerum sequi dolorem quibusdam.","2025-09-11","8","7","2025-09-01 00:00:00","2025-04-29 12:02:31"
"95","Assignment 2","Aspernatur eos eveniet voluptas quam qui similique.","2025-10-11","8","7","2025-10-01 00:00:00","2025-04-29 12:02:31"
"96","Assignment 3","Sed error facilis aut est perferendis neque iure consequatur.","2025-11-11","8","7","2025-11-01 00:00:00","2025-04-29 12:02:31"
"97","Assignment 1","Assignment 1 for General Physics II","2025-09-11","9","8","2025-09-01 00:00:00","2025-04-30 05:38:25"
"98","Assignment 2","Assignment 2 for General Physics II","2025-10-11","9","8","2025-10-01 00:00:00","2025-04-30 05:38:25"
"99","Assignment 3","Corporis aut aliquid laboriosam dolorum tempore.","2022-11-11","9","8","2022-11-01 00:00:00","2025-04-29 12:03:16"
"100","Assignment 1","Recusandae laboriosam aspernatur velit rerum quia.","2023-09-11","9","8","2023-09-01 00:00:00","2025-04-29 12:03:42"
"101","Assignment 2","Deleniti eaque consectetur sed quas sed.","2023-10-11","9","8","2023-10-01 00:00:00","2025-04-29 12:04:05"
"102","Assignment 3","Velit harum sit repellat quae.","2023-11-11","9","8","2023-11-01 00:00:00","2025-04-29 12:04:29"
"103","Assignment 1","Doloremque aut expedita quis.","2024-09-11","9","8","2024-09-01 00:00:00","2025-04-29 12:04:54"
"104","Assignment 2","Voluptas pariatur voluptatem et sint.","2024-10-11","9","8","2024-10-01 00:00:00","2025-04-29 12:05:03"
"105","Assignment 3","Iure maxime porro odit aut aut neque.","2024-11-11","9","8","2024-11-01 00:00:00","2025-04-29 12:05:11"
"106","Assignment 1","Rerum sed illum aut aliquam corporis vel quia.","2025-09-11","9","8","2025-09-01 00:00:00","2025-04-29 12:05:20"
"107","Assignment 2","Eveniet nihil voluptatem aperiam saepe harum repellendus incidunt.","2025-10-11","9","8","2025-10-01 00:00:00","2025-04-29 12:05:20"
"108","Assignment 3","Sunt dicta facilis unde qui.","2025-11-11","9","8","2025-11-01 00:00:00","2025-04-29 12:05:20"
"109","Assignment 1","Assignment 1 for Programming Basics","2025-09-11","10","10","2025-09-01 00:00:00","2025-04-30 05:38:26"
"110","Assignment 2","Assignment 2 for Programming Basics","2025-10-11","10","10","2025-10-01 00:00:00","2025-04-30 05:38:26"
"111","Assignment 3","Ut id numquam consectetur quas et ut eligendi aut.","2022-11-11","10","10","2022-11-01 00:00:00","2025-04-29 12:06:04"
"112","Assignment 1","Est numquam vitae magnam fugiat maxime sapiente.","2023-09-11","10","10","2023-09-01 00:00:00","2025-04-29 12:06:27"
"113","Assignment 2","Exercitationem recusandae illo qui non sequi.","2023-10-11","10","10","2023-10-01 00:00:00","2025-04-29 12:06:51"
"114","Assignment 3","Consectetur eveniet quisquam est.","2023-11-11","10","10","2023-11-01 00:00:00","2025-04-29 12:07:15"
"115","Assignment 1","Illo iusto et doloribus nihil omnis a omnis.","2024-09-11","10","10","2024-09-01 00:00:00","2025-04-29 12:07:37"
"116","Assignment 2","Quas sed cumque modi ducimus.","2024-10-11","10","10","2024-10-01 00:00:00","2025-04-29 12:07:45"
"117","Assignment 3","Officia rem qui tempore est est.","2024-11-11","10","10","2024-11-01 00:00:00","2025-04-29 12:07:53"
"118","Assignment 1","Placeat id voluptates ea.","2025-09-11","10","10","2025-09-01 00:00:00","2025-04-29 12:08:01"
"119","Assignment 2","Dolores est voluptatem ut minima quo laborum sed vero.","2025-10-11","10","10","2025-10-01 00:00:00","2025-04-29 12:08:01"
"120","Assignment 3","Consequuntur rerum temporibus quo.","2025-11-11","10","10","2025-11-01 00:00:00","2025-04-29 12:08:01"
"121","Assignment 1","Assignment 1 for Introduction to Psychology","2025-09-11","11","5","2025-09-01 00:00:00","2025-04-30 05:38:28"
"122","Assignment 2","Assignment 2 for Introduction to Psychology","2025-10-11","11","5","2025-10-01 00:00:00","2025-04-30 05:38:28"
"123","Assignment 3","Odit quis facere occaecati maxime iure nostrum non beatae.","2022-11-11","11","5","2022-11-01 00:00:00","2025-04-29 12:08:48"
"124","Assignment 1","A repellendus non sed autem.","2023-09-11","11","5","2023-09-01 00:00:00","2025-04-29 12:09:11"
"125","Assignment 2","Esse et sed qui qui rerum aut qui.","2023-10-11","11","5","2023-10-01 00:00:00","2025-04-29 12:09:33"
"126","Assignment 3","Consequatur voluptatibus recusandae non est.","2023-11-11","11","5","2023-11-01 00:00:00","2025-04-29 12:09:57"
"127","Assignment 1","Et asperiores officiis vitae.","2024-09-11","11","5","2024-09-01 00:00:00","2025-04-29 12:10:21"
"128","Assignment 2","Dolor optio velit ducimus mollitia.","2024-10-11","11","5","2024-10-01 00:00:00","2025-04-29 12:10:30"
"129","Assignment 3","Ullam quam vero fuga in.","2024-11-11","11","5","2024-11-01 00:00:00","2025-04-29 12:10:37"
"130","Assignment 1","Eum sint tempore voluptatem possimus quam.","2025-09-11","11","5","2025-09-01 00:00:00","2025-04-29 12:10:45"
"131","Assignment 2","Ad commodi non qui eos quis magni dolores.","2025-10-11","11","5","2025-10-01 00:00:00","2025-04-29 12:10:45"
"132","Assignment 3","Repellendus dolor veniam consequatur explicabo.","2025-11-11","11","5","2025-11-01 00:00:00","2025-04-29 12:10:45"
"133","Assignment 1","Assignment 1 for Environmental Science","2025-09-11","12","8","2025-09-01 00:00:00","2025-04-30 05:38:29"
"134","Assignment 2","Assignment 2 for Environmental Science","2025-10-11","12","8","2025-10-01 00:00:00","2025-04-30 05:38:30"
"135","Assignment 3","Dicta neque praesentium tempora assumenda quia sunt unde.","2022-11-11","12","8","2022-11-01 00:00:00","2025-04-29 12:11:29"
"136","Assignment 1","Quo minus voluptatem error omnis repudiandae.","2023-09-11","12","8","2023-09-01 00:00:00","2025-04-29 12:11:52"
"137","Assignment 2","Dolor dolores magni eaque rerum.","2023-10-11","12","8","2023-10-01 00:00:00","2025-04-29 12:12:12"
"138","Assignment 3","Aperiam id qui illo sed sit.","2023-11-11","12","8","2023-11-01 00:00:00","2025-04-29 12:12:35"
"139","Assignment 1","Doloremque iure eos nemo recusandae dolorem.","2024-09-11","12","8","2024-09-01 00:00:00","2025-04-29 12:12:58"
"140","Assignment 2","Numquam minima voluptas magni cupiditate.","2024-10-11","12","8","2024-10-01 00:00:00","2025-04-29 12:13:06"
"141","Assignment 3","Suscipit reiciendis inventore ex magni rerum tenetur.","2024-11-11","12","8","2024-11-01 00:00:00","2025-04-29 12:13:13"
"142","Assignment 1","Molestias blanditiis omnis aliquam sit sunt totam.","2025-09-11","12","8","2025-09-01 00:00:00","2025-04-29 12:13:21"
"143","Assignment 2","Incidunt id doloribus sunt vero.","2025-10-11","12","8","2025-10-01 00:00:00","2025-04-29 12:13:21"
"144","Assignment 3","Et ut et commodi facere architecto.","2025-11-11","12","8","2025-11-01 00:00:00","2025-04-29 12:13:21"
"145","Assignment 1","Id porro laborum ipsum velit suscipit perspiciatis eligendi consequatur.","2023-02-11","13","5","2023-02-01 00:00:00","2025-04-29 12:13:21"
"146","Assignment 2","Aut laboriosam aliquid eum dolore sunt expedita.","2023-03-11","13","5","2023-03-01 00:00:00","2025-04-29 12:13:44"
"147","Assignment 3","Eos ut nesciunt et saepe.","2023-04-11","13","5","2023-04-01 00:00:00","2025-04-29 12:14:07"
"148","Assignment 1","Rem porro quo praesentium earum autem.","2024-02-11","13","5","2024-02-01 00:00:00","2025-04-29 12:14:29"
"149","Assignment 2","Delectus architecto ducimus nostrum non ullam accusantium.","2024-03-11","13","5","2024-03-01 00:00:00","2025-04-29 12:14:51"
"150","Assignment 3","Natus dicta rerum alias ipsam dolorum.","2024-04-11","13","5","2024-04-01 00:00:00","2025-04-29 12:15:13"
"151","Assignment 1","Odio minus voluptate nulla.","2025-02-11","13","5","2025-02-01 00:00:00","2025-04-29 12:15:37"
"152","Assignment 2","Quia velit doloribus omnis ut laboriosam molestiae.","2025-03-11","13","5","2025-03-01 00:00:00","2025-04-29 12:15:45"
"153","Assignment 3","Similique accusantium eum labore consequatur praesentium quibusdam quia.","2025-04-11","13","5","2025-04-01 00:00:00","2025-04-29 12:15:55"
"154","Assignment 1","Est deleniti a est inventore et quo at et.","2023-02-11","14","9","2023-02-01 00:00:00","2025-04-29 12:16:03"
"155","Assignment 2","Dolorem incidunt at incidunt tempore consectetur molestiae laboriosam recusandae.","2023-03-11","14","9","2023-03-01 00:00:00","2025-04-29 12:16:25"
"156","Assignment 3","Consectetur tempore aut error molestiae quia.","2023-04-11","14","9","2023-04-01 00:00:00","2025-04-29 12:16:51"
"157","Assignment 1","Et quibusdam earum asperiores sint.","2024-02-11","14","9","2024-02-01 00:00:00","2025-04-29 12:17:16"
"158","Assignment 2","Dolorem ut aut molestias et nobis.","2024-03-11","14","9","2024-03-01 00:00:00","2025-04-29 12:17:38"
"159","Assignment 3","Quaerat suscipit voluptates quidem.","2024-04-11","14","9","2024-04-01 00:00:00","2025-04-29 12:18:00"
"160","Assignment 1","Odit rem enim ut accusantium repellat aliquid.","2025-02-11","14","9","2025-02-01 00:00:00","2025-04-29 12:18:25"
"161","Assignment 2","Ullam dolor laboriosam asperiores sint facilis et laboriosam.","2025-03-11","14","9","2025-03-01 00:00:00","2025-04-29 12:18:33"
"162","Assignment 3","Voluptatibus consequatur modi est aliquam.","2025-04-11","14","9","2025-04-01 00:00:00","2025-04-29 12:18:41"
"163","Assignment 1","Omnis eaque nesciunt non odit atque adipisci.","2023-02-11","15","6","2023-02-01 00:00:00","2025-04-29 12:18:49"
"164","Assignment 2","Dolores incidunt ab porro ut ad.","2023-03-11","15","6","2023-03-01 00:00:00","2025-04-29 12:19:12"
"165","Assignment 3","Fugiat ipsa aspernatur veniam nobis repellendus molestiae culpa repellendus.","2023-04-11","15","6","2023-04-01 00:00:00","2025-04-29 12:19:35"
"166","Assignment 1","Hic et rerum possimus cum nisi illum porro.","2024-02-11","15","6","2024-02-01 00:00:00","2025-04-29 12:19:57"
"167","Assignment 2","Est unde sapiente temporibus et.","2024-03-11","15","6","2024-03-01 00:00:00","2025-04-29 12:20:18"
"168","Assignment 3","Debitis porro quia assumenda sapiente.","2024-04-11","15","6","2024-04-01 00:00:00","2025-04-29 12:20:41"
"169","Assignment 1","Velit officia beatae dolore qui itaque.","2025-02-11","15","6","2025-02-01 00:00:00","2025-04-29 12:21:05"
"170","Assignment 2","Odit omnis eius consequatur a deserunt quo qui.","2025-03-11","15","6","2025-03-01 00:00:00","2025-04-29 12:21:14"
"171","Assignment 3","Amet sint quia molestiae ea enim odit.","2025-04-11","15","6","2025-04-01 00:00:00","2025-04-29 12:21:22"
"172","Assignment 1","Illo eum libero sed.","2023-02-11","16","5","2023-02-01 00:00:00","2025-04-29 12:21:29"
"173","Assignment 2","Perferendis sequi minima et adipisci.","2023-03-11","16","5","2023-03-01 00:00:00","2025-04-29 12:21:51"
"174","Assignment 3","Vel distinctio perferendis ut sapiente quia.","2023-04-11","16","5","2023-04-01 00:00:00","2025-04-29 12:22:14"
"175","Assignment 1","Deleniti mollitia inventore est rerum voluptatem ad aut.","2024-02-11","16","5","2024-02-01 00:00:00","2025-04-29 12:22:38"
"176","Assignment 2","Quo maxime voluptatum minima dolor possimus.","2024-03-11","16","5","2024-03-01 00:00:00","2025-04-29 12:23:01"
"177","Assignment 3","Occaecati dolores odio iste nam.","2024-04-11","16","5","2024-04-01 00:00:00","2025-04-29 12:23:25"
"178","Assignment 1","Assumenda ratione quo deleniti qui.","2025-02-11","16","5","2025-02-01 00:00:00","2025-04-29 12:23:46"
"179","Assignment 2","Velit unde omnis distinctio eveniet provident.","2025-03-11","16","5","2025-03-01 00:00:00","2025-04-29 12:23:54"
"180","Assignment 3","Alias repudiandae est ut nihil quisquam.","2025-04-11","16","5","2025-04-01 00:00:00","2025-04-29 12:24:02"
"181","Assignment 1","Vitae distinctio et dicta officia.","2023-02-11","17","10","2023-02-01 00:00:00","2025-04-29 12:24:10"
"182","Assignment 2","Eum tenetur quae minima hic et.","2023-03-11","17","10","2023-03-01 00:00:00","2025-04-29 12:24:32"
"183","Assignment 3","Aliquid sed voluptatem magni enim.","2023-04-11","17","10","2023-04-01 00:00:00","2025-04-29 12:24:54"
"184","Assignment 1","Fuga ducimus sit aut nihil.","2024-02-11","17","10","2024-02-01 00:00:00","2025-04-29 12:25:17"
"185","Assignment 2","Dolores rerum repellendus nisi doloremque natus delectus veritatis vero.","2024-03-11","17","10","2024-03-01 00:00:00","2025-04-29 12:25:42"
"186","Assignment 3","Sed voluptas amet maxime id doloribus sed.","2024-04-11","17","10","2024-04-01 00:00:00","2025-04-29 12:26:08"
"187","Assignment 1","In pariatur debitis est dolorem qui soluta odit.","2025-02-11","17","10","2025-02-01 00:00:00","2025-04-29 12:26:34"
"188","Assignment 2","Explicabo incidunt possimus hic veniam.","2025-03-11","17","10","2025-03-01 00:00:00","2025-04-29 12:26:42"
"189","Assignment 3","Odio autem aut eveniet nulla delectus omnis fugiat.","2025-04-11","17","10","2025-04-01 00:00:00","2025-04-29 12:26:49"
"190","Assignment 1","Quis possimus nemo repudiandae alias at optio tempore.","2023-02-11","18","5","2023-02-01 00:00:00","2025-04-29 12:26:57"
"191","Assignment 2","Natus in asperiores voluptas similique.","2023-03-11","18","5","2023-03-01 00:00:00","2025-04-29 12:27:21"
"192","Assignment 3","Dignissimos deserunt voluptatem ea culpa earum facilis.","2023-04-11","18","5","2023-04-01 00:00:00","2025-04-29 12:27:42"
"193","Assignment 1","Necessitatibus saepe repudiandae sint quisquam consequatur et eum.","2024-02-11","18","5","2024-02-01 00:00:00","2025-04-29 12:28:07"
"194","Assignment 2","Tenetur cupiditate doloribus repudiandae vero aut et est.","2024-03-11","18","5","2024-03-01 00:00:00","2025-04-29 12:28:30"
"195","Assignment 3","Ipsum quo molestiae ullam porro odio fugit fugit.","2024-04-11","18","5","2024-04-01 00:00:00","2025-04-29 12:28:54"
"196","Assignment 1","Amet ex excepturi eveniet tenetur quis eaque quae quis.","2025-02-11","18","5","2025-02-01 00:00:00","2025-04-29 12:29:18"
"197","Assignment 2","Et commodi voluptatibus reiciendis fugit animi quia.","2025-03-11","18","5","2025-03-01 00:00:00","2025-04-29 12:29:26"
"198","Assignment 3","Illum minus nostrum porro hic sed ab accusantium assumenda.","2025-04-11","18","5","2025-04-01 00:00:00","2025-04-29 12:29:34"
"199","Assignment 1","Assignment 1 for Professional Communication","2025-09-11","19","8","2025-09-01 00:00:00","2025-04-30 06:01:09"
"200","Assignment 2","Assignment 2 for Professional Communication","2025-10-11","19","8","2025-10-01 00:00:00","2025-04-30 06:01:09"
"201","Assignment 3","Non est nobis consequatur non est reprehenderit possimus quis.","2023-11-11","19","8","2023-11-01 00:00:00","2025-04-29 12:30:27"
"202","Assignment 1","Veritatis facere pariatur dicta quis.","2024-09-11","19","8","2024-09-01 00:00:00","2025-04-29 12:30:48"
"203","Assignment 2","Pariatur eum enim in aut in.","2024-10-11","19","8","2024-10-01 00:00:00","2025-04-29 12:31:12"
"204","Assignment 3","Reiciendis dolorem rerum veniam voluptate atque.","2024-11-11","19","8","2024-11-01 00:00:00","2025-04-29 12:31:35"
"205","Assignment 1","Dolorem et vero dicta voluptatem.","2025-09-11","19","8","2025-09-01 00:00:00","2025-04-29 12:31:58"
"206","Assignment 2","Dolorem deserunt fugit dolorem dolor vitae.","2025-10-11","19","8","2025-10-01 00:00:00","2025-04-29 12:31:58"
"207","Assignment 3","Cupiditate aperiam consequuntur voluptas voluptatem.","2025-11-11","19","8","2025-11-01 00:00:00","2025-04-29 12:31:58"
"208","Assignment 1","Assignment 1 for Linear Algebra","2025-09-11","20","10","2025-09-01 00:00:00","2025-04-30 06:01:11"
"209","Assignment 2","Assignment 2 for Linear Algebra","2025-10-11","20","10","2025-10-01 00:00:00","2025-04-30 06:01:11"
"210","Assignment 3","Aliquam minus possimus in vitae recusandae fuga.","2023-11-11","20","10","2023-11-01 00:00:00","2025-04-29 12:32:43"
"211","Assignment 1","Qui id vel esse omnis eum.","2024-09-11","20","10","2024-09-01 00:00:00","2025-04-29 12:33:06"
"212","Assignment 2","Voluptatem culpa saepe iste temporibus nemo.","2024-10-11","20","10","2024-10-01 00:00:00","2025-04-29 12:33:29"
"213","Assignment 3","Similique laborum ex ex quis cupiditate amet quia.","2024-11-11","20","10","2024-11-01 00:00:00","2025-04-29 12:33:52"
"214","Assignment 1","Ut vel repudiandae nulla ullam in.","2025-09-11","20","10","2025-09-01 00:00:00","2025-04-29 12:34:16"
"215","Assignment 2","Quasi earum qui commodi eum consequatur autem aut.","2025-10-11","20","10","2025-10-01 00:00:00","2025-04-29 12:34:16"
"216","Assignment 3","Eum numquam suscipit harum.","2025-11-11","20","10","2025-11-01 00:00:00","2025-04-29 12:34:16"
"217","Assignment 1","Assignment 1 for General Chemistry II","2025-09-11","21","6","2025-09-01 00:00:00","2025-04-30 06:01:14"
"218","Assignment 2","Assignment 2 for General Chemistry II","2025-10-11","21","6","2025-10-01 00:00:00","2025-04-30 06:01:14"
"219","Assignment 3","Sunt explicabo quidem soluta.","2023-11-11","21","6","2023-11-01 00:00:00","2025-04-29 12:35:03"
"220","Assignment 1","Modi tempora ut quidem vero reprehenderit ut iste.","2024-09-11","21","6","2024-09-01 00:00:00","2025-04-29 12:35:27"
"221","Assignment 2","Aliquam ab rem fuga voluptas.","2024-10-11","21","6","2024-10-01 00:00:00","2025-04-29 12:35:50"
"222","Assignment 3","Et dolorum vero voluptatem nisi enim est quae.","2024-11-11","21","6","2024-11-01 00:00:00","2025-04-29 12:36:14"
"223","Assignment 1","Ut at est earum asperiores.","2025-09-11","21","6","2025-09-01 00:00:00","2025-04-29 12:36:39"
"224","Assignment 2","Dolore alias occaecati quasi dolorum.","2025-10-11","21","6","2025-10-01 00:00:00","2025-04-29 12:36:39"
"225","Assignment 3","Autem et consequuntur quod.","2025-11-11","21","6","2025-11-01 00:00:00","2025-04-29 12:36:39"
"226","Assignment 1","Assignment 1 for Algorithms","2025-09-11","22","8","2025-09-01 00:00:00","2025-04-30 06:01:16"
"227","Assignment 2","Assignment 2 for Algorithms","2025-10-11","22","8","2025-10-01 00:00:00","2025-04-30 06:01:16"
"228","Assignment 3","Et est qui consequuntur accusamus dolore laboriosam impedit.","2023-11-11","22","8","2023-11-01 00:00:00","2025-04-29 12:37:24"
"229","Assignment 1","Est dolorem incidunt mollitia numquam.","2024-09-11","22","8","2024-09-01 00:00:00","2025-04-29 12:37:47"
"230","Assignment 2","Perspiciatis omnis nostrum nihil pariatur rerum consequuntur quibusdam.","2024-10-11","22","8","2024-10-01 00:00:00","2025-04-29 12:38:11"
"231","Assignment 3","Aut consequatur animi cumque neque nobis et non.","2024-11-11","22","8","2024-11-01 00:00:00","2025-04-29 12:38:33"
"232","Assignment 1","Ratione amet vero magni odio et et delectus laboriosam.","2025-09-11","22","8","2025-09-01 00:00:00","2025-04-29 12:38:58"
"233","Assignment 2","Veniam veritatis numquam rerum quia aliquid impedit facere.","2025-10-11","22","8","2025-10-01 00:00:00","2025-04-29 12:38:58"
"234","Assignment 3","Commodi quidem eius tenetur tempora quod et eius dolore.","2025-11-11","22","8","2025-11-01 00:00:00","2025-04-29 12:38:58"
"235","Assignment 1","Assignment 1 for Sociology Basics","2025-09-11","23","10","2025-09-01 00:00:00","2025-04-30 06:01:19"
"236","Assignment 2","Assignment 2 for Sociology Basics","2025-10-11","23","10","2025-10-01 00:00:00","2025-04-30 06:01:19"
"237","Assignment 3","Et dignissimos id qui molestias.","2023-11-11","23","10","2023-11-01 00:00:00","2025-04-29 12:39:43"
"238","Assignment 1","Voluptas velit dolores dolore explicabo vel inventore ea.","2024-09-11","23","10","2024-09-01 00:00:00","2025-04-29 12:40:04"
"239","Assignment 2","Accusantium architecto inventore ut harum.","2024-10-11","23","10","2024-10-01 00:00:00","2025-04-29 12:40:27"
"240","Assignment 3","Vitae voluptas beatae quidem reprehenderit non.","2024-11-11","23","10","2024-11-01 00:00:00","2025-04-29 12:40:51"
"241","Assignment 1","Voluptatem dolor ea rerum error quo est magni.","2025-09-11","23","10","2025-09-01 00:00:00","2025-04-29 12:41:16"
"242","Assignment 2","Et ut est quo dolore sunt sunt.","2025-10-11","23","10","2025-10-01 00:00:00","2025-04-29 12:41:16"
"243","Assignment 3","Omnis ipsa error repudiandae a quo quae exercitationem.","2025-11-11","23","10","2025-11-01 00:00:00","2025-04-29 12:41:16"
"244","Assignment 1","Assignment 1 for Statistics II","2025-09-11","24","6","2025-09-01 00:00:00","2025-04-30 06:01:21"
"245","Assignment 2","Assignment 2 for Statistics II","2025-10-11","24","6","2025-10-01 00:00:00","2025-04-30 06:01:21"
"246","Assignment 3","Veritatis quisquam excepturi quam rem.","2023-11-11","24","6","2023-11-01 00:00:00","2025-04-29 12:42:07"
"247","Assignment 1","Neque ratione id aut aut ea.","2024-09-11","24","6","2024-09-01 00:00:00","2025-04-29 12:42:32"
"248","Assignment 2","Quia unde eos sed dolorem.","2024-10-11","24","6","2024-10-01 00:00:00","2025-04-29 12:42:56"
"249","Assignment 3","Doloribus iusto voluptates enim unde vitae reprehenderit.","2024-11-11","24","6","2024-11-01 00:00:00","2025-04-29 12:43:22"
"250","Assignment 1","Sunt possimus tenetur magni sed.","2025-09-11","24","6","2025-09-01 00:00:00","2025-04-29 12:43:46"
"251","Assignment 2","In eos occaecati odio hic provident et.","2025-10-11","24","6","2025-10-01 00:00:00","2025-04-29 12:43:46"
"252","Assignment 3","Libero quasi id commodi sunt alias et minima.","2025-11-11","24","6","2025-11-01 00:00:00","2025-04-29 12:43:47"
"253","Assignment 1","Doloremque molestiae doloremque numquam necessitatibus consequuntur ut voluptatem nihil.","2024-02-11","25","16","2024-02-01 00:00:00","2025-04-29 12:43:47"
"254","Assignment 2","Itaque aut id dolores accusamus.","2024-03-11","25","16","2024-03-01 00:00:00","2025-04-29 12:43:55"
"255","Assignment 3","Nostrum optio similique nostrum sunt.","2024-04-11","25","16","2024-04-01 00:00:00","2025-04-29 12:44:04"
"256","Assignment 1","Excepturi facere iste voluptas aliquam et.","2025-02-11","25","16","2025-02-01 00:00:00","2025-04-29 12:44:12"
"257","Assignment 2","Laboriosam deserunt esse repudiandae quod est modi.","2025-03-11","25","16","2025-03-01 00:00:00","2025-04-29 12:44:20"
"258","Assignment 3","Consequatur laboriosam beatae temporibus et.","2025-04-11","25","16","2025-04-01 00:00:00","2025-04-29 12:44:28"
"259","Assignment 1","Repudiandae expedita necessitatibus consequatur laborum dignissimos.","2024-02-11","26","13","2024-02-01 00:00:00","2025-04-29 12:44:37"
"260","Assignment 2","Et veritatis exercitationem deleniti maxime magni.","2024-03-11","26","13","2024-03-01 00:00:00","2025-04-29 12:44:46"
"261","Assignment 3","Nobis at veniam blanditiis ipsam illo consectetur beatae.","2024-04-11","26","13","2024-04-01 00:00:00","2025-04-29 12:44:54"
"262","Assignment 1","Blanditiis odio enim deleniti ut vel.","2025-02-11","26","13","2025-02-01 00:00:00","2025-04-29 12:45:01"
"263","Assignment 2","Repudiandae et quod neque ea voluptas.","2025-03-11","26","13","2025-03-01 00:00:00","2025-04-29 12:45:09"
"264","Assignment 3","Velit ducimus qui quae et quasi rerum repellendus.","2025-04-11","26","13","2025-04-01 00:00:00","2025-04-29 12:45:16"
"265","Assignment 1","Ad corrupti quam eveniet non adipisci.","2024-02-11","27","15","2024-02-01 00:00:00","2025-04-29 12:45:23"
"266","Assignment 2","Dolorum expedita culpa placeat necessitatibus quibusdam autem.","2024-03-11","27","15","2024-03-01 00:00:00","2025-04-29 12:45:30"
"267","Assignment 3","Vero rerum non eum temporibus eos voluptas.","2024-04-11","27","15","2024-04-01 00:00:00","2025-04-29 12:45:37"
"268","Assignment 1","Omnis sequi odit repellendus delectus hic nesciunt quidem.","2025-02-11","27","15","2025-02-01 00:00:00","2025-04-29 12:45:44"
"269","Assignment 2","Vel hic ut veritatis possimus.","2025-03-11","27","15","2025-03-01 00:00:00","2025-04-29 12:45:52"
"270","Assignment 3","Earum velit non odio illum laboriosam soluta.","2025-04-11","27","15","2025-04-01 00:00:00","2025-04-29 12:46:00"
"271","Assignment 1","Deleniti tempora sed vel assumenda.","2024-02-11","28","11","2024-02-01 00:00:00","2025-04-29 12:46:08"
"272","Assignment 2","Corporis id alias nemo voluptatem.","2024-03-11","28","11","2024-03-01 00:00:00","2025-04-29 12:46:16"
"273","Assignment 3","Corrupti explicabo ea ea quibusdam.","2024-04-11","28","11","2024-04-01 00:00:00","2025-04-29 12:46:24"
"274","Assignment 1","In laboriosam id voluptatem hic.","2025-02-11","28","11","2025-02-01 00:00:00","2025-04-29 12:46:32"
"275","Assignment 2","Nobis aut tempore sed.","2025-03-11","28","11","2025-03-01 00:00:00","2025-04-29 12:46:40"
"276","Assignment 3","Et repudiandae aperiam fuga delectus at eius et.","2025-04-11","28","11","2025-04-01 00:00:00","2025-04-29 12:46:47"
"277","Assignment 1","Assignment 1 for Software Engineering II","2025-09-11","29","14","2025-09-01 00:00:00","2025-04-30 05:38:12"
"278","Assignment 2","Assignment 2 for Software Engineering II","2025-10-11","29","14","2025-10-01 00:00:00","2025-04-30 05:38:12"
"279","Assignment 3","Minus quo recusandae consequatur maiores omnis consequatur.","2024-11-11","29","14","2024-11-01 00:00:00","2025-04-29 12:47:10"
"280","Assignment 1","Recusandae rerum aliquam provident quia vel repellendus.","2025-09-11","29","14","2025-09-01 00:00:00","2025-04-29 12:47:18"
"281","Assignment 2","Est beatae cupiditate qui quisquam vel quaerat unde adipisci.","2025-10-11","29","14","2025-10-01 00:00:00","2025-04-29 12:47:18"
"282","Assignment 3","Repellendus vel qui assumenda odio.","2025-11-11","29","14","2025-11-01 00:00:00","2025-04-29 12:47:18"
"283","Assignment 1","Assignment 1 for Web Development","2025-09-11","30","16","2025-09-01 00:00:00","2025-04-30 05:38:14"
"284","Assignment 2","Assignment 2 for Web Development","2025-10-11","30","16","2025-10-01 00:00:00","2025-04-30 05:38:15"
"285","Assignment 3","Recusandae sapiente occaecati iure doloremque.","2024-11-11","30","16","2024-11-01 00:00:00","2025-04-29 12:47:34"
"286","Assignment 1","Vitae in nemo dicta.","2025-09-11","30","16","2025-09-01 00:00:00","2025-04-29 12:47:42"
"287","Assignment 2","Et ipsa fuga accusamus repudiandae.","2025-10-11","30","16","2025-10-01 00:00:00","2025-04-29 12:47:42"
"288","Assignment 3","Voluptatem rem modi blanditiis quia nihil.","2025-11-11","30","16","2025-11-01 00:00:00","2025-04-29 12:47:42"
"289","Assignment 1","Assignment 1 for Systems Programming","2025-09-11","31","11","2025-09-01 00:00:00","2025-04-30 05:38:16"
"290","Assignment 2","Assignment 2 for Systems Programming","2025-10-11","31","11","2025-10-01 00:00:00","2025-04-30 05:38:16"
"291","Assignment 3","Tenetur minima ducimus sunt velit sed quia vitae molestiae.","2024-11-11","31","11","2024-11-01 00:00:00","2025-04-29 12:47:58"
"292","Assignment 1","Voluptatem minus esse enim est totam.","2025-09-11","31","11","2025-09-01 00:00:00","2025-04-29 12:48:07"
"293","Assignment 2","Dicta et quia iste dolorum veniam dolores aut.","2025-10-11","31","11","2025-10-01 00:00:00","2025-04-29 12:48:07"
"294","Assignment 3","Voluptatum quaerat earum quasi voluptates exercitationem sint quaerat.","2025-11-11","31","11","2025-11-01 00:00:00","2025-04-29 12:48:07"
"295","Assignment 1","Assignment 1 for Computer Architecture","2025-09-11","32","15","2025-09-01 00:00:00","2025-04-30 05:38:17"
"296","Assignment 2","Assignment 2 for Computer Architecture","2025-10-11","32","15","2025-10-01 00:00:00","2025-04-30 05:38:17"
"297","Assignment 3","Repellat optio doloribus voluptatem et.","2024-11-11","32","15","2024-11-01 00:00:00","2025-04-29 12:48:23"
"298","Assignment 1","At architecto deleniti sint ut molestiae.","2025-09-11","32","15","2025-09-01 00:00:00","2025-04-29 12:48:31"
"299","Assignment 2","Quo dignissimos ut sint.","2025-10-11","32","15","2025-10-01 00:00:00","2025-04-29 12:48:32"
"300","Assignment 3","Earum non consequatur est atque ipsa quibusdam expedita dolore.","2025-11-11","32","15","2025-11-01 00:00:00","2025-04-29 12:48:32"
"301","Assignment 1","Deleniti consequatur et quis tempora.","2025-02-11","33","13","2025-02-01 00:00:00","2025-04-29 12:48:32"
"302","Assignment 2","Ex mollitia beatae eius voluptas porro.","2025-03-11","33","13","2025-03-01 00:00:00","2025-04-29 12:48:39"
"303","Assignment 3","Maiores quia vero in earum sit.","2025-04-11","33","13","2025-04-01 00:00:00","2025-04-29 12:48:46"
"304","Assignment 1","Necessitatibus maxime et nam est rem qui sed.","2025-02-11","34","11","2025-02-01 00:00:00","2025-04-29 12:48:54"
"305","Assignment 2","Omnis quia corrupti nulla fugit molestiae aut placeat.","2025-03-11","34","11","2025-03-01 00:00:00","2025-04-29 12:49:02"
"306","Assignment 3","Libero velit eveniet id quis corrupti.","2025-04-11","34","11","2025-04-01 00:00:00","2025-04-29 12:49:10"
"307","Assignment 1","Qui eum pariatur aperiam a dolores.","2025-02-11","35","11","2025-02-01 00:00:00","2025-04-29 12:49:19"
"308","Assignment 2","Voluptas et qui quia eaque deleniti.","2025-03-11","35","11","2025-03-01 00:00:00","2025-04-29 12:49:27"
"309","Assignment 3","Repellendus amet voluptas rerum asperiores vel corrupti occaecati.","2025-04-11","35","11","2025-04-01 00:00:00","2025-04-29 12:49:34"
"310","Assignment 1","Et ab possimus excepturi quis eligendi et ut rem.","2025-02-11","36","15","2025-02-01 00:00:00","2025-04-29 12:49:43"
"311","Assignment 2","Ullam qui eaque labore.","2025-03-11","36","15","2025-03-01 00:00:00","2025-04-29 12:49:51"
"312","Assignment 3","Ut rerum architecto excepturi nesciunt earum.","2025-04-11","36","15","2025-04-01 00:00:00","2025-04-29 12:50:00"
"313","Assignment 1","Cupiditate dolorem eaque est harum atque voluptate sit quidem.","2024-02-11","41","16","2024-02-01 00:00:00","2025-04-29 12:50:08"
"314","Assignment 2","Impedit ex sunt commodi soluta pariatur aut.","2024-03-11","41","16","2024-03-01 00:00:00","2025-04-29 12:50:16"
"315","Assignment 3","Nostrum itaque delectus sed sed quia.","2024-04-11","41","16","2024-04-01 00:00:00","2025-04-29 12:50:23"
"316","Assignment 1","Cumque impedit repellendus quia repellendus.","2025-02-11","41","16","2025-02-01 00:00:00","2025-04-29 12:50:31"
"317","Assignment 2","Accusantium et quia consequuntur cupiditate sunt id praesentium molestias.","2025-03-11","41","16","2025-03-01 00:00:00","2025-04-29 12:50:39"
"318","Assignment 3","Est debitis minima quia et.","2025-04-11","41","16","2025-04-01 00:00:00","2025-04-29 12:50:47"
"319","Assignment 1","Quo ut veritatis natus architecto rem et quod.","2024-02-11","42","16","2024-02-01 00:00:00","2025-04-29 12:50:55"
"320","Assignment 2","Commodi autem nam recusandae autem voluptates ut.","2024-03-11","42","16","2024-03-01 00:00:00","2025-04-29 12:51:04"
"321","Assignment 3","Magni animi quas dolores iste quia.","2024-04-11","42","16","2024-04-01 00:00:00","2025-04-29 12:51:12"
"322","Assignment 1","Corporis non dicta repellat nihil.","2025-02-11","42","16","2025-02-01 00:00:00","2025-04-29 12:51:21"
"323","Assignment 2","Quisquam laborum deleniti ullam et.","2025-03-11","42","16","2025-03-01 00:00:00","2025-04-29 12:51:29"
"324","Assignment 3","Eligendi occaecati aut velit officia.","2025-04-11","42","16","2025-04-01 00:00:00","2025-04-29 12:51:37"
"325","Assignment 1","Assignment 1 for AI Fundamentals","2025-09-11","43","15","2025-09-01 00:00:00","2025-04-30 05:38:10"
"326","Assignment 2","Assignment 2 for AI Fundamentals","2025-10-11","43","15","2025-10-01 00:00:00","2025-04-30 05:38:10"
"327","Assignment 3","Reiciendis cum nesciunt asperiores et aut earum nostrum.","2024-11-11","43","15","2024-11-01 00:00:00","2025-04-29 12:52:01"
"328","Assignment 1","Et voluptatum magni a asperiores et mollitia praesentium est.","2025-09-11","43","15","2025-09-01 00:00:00","2025-04-29 12:52:09"
"329","Assignment 2","Earum sit et fugiat repellat neque.","2025-10-11","43","15","2025-10-01 00:00:00","2025-04-29 12:52:09"
"330","Assignment 3","Eaque exercitationem placeat omnis molestiae voluptatem vel ab.","2025-11-11","43","15","2025-11-01 00:00:00","2025-04-29 12:52:09"
"331","Assignment 1","Temporibus est rem nihil placeat consequatur autem molestias.","2024-09-11","44","13","2024-09-01 00:00:00","2025-04-29 12:52:09"
"332","Assignment 2","Ratione dolor delectus similique reiciendis nesciunt velit.","2024-10-11","44","13","2024-10-01 00:00:00","2025-04-29 12:52:17"
"333","Assignment 3","Vel eum molestias delectus.","2024-11-11","44","13","2024-11-01 00:00:00","2025-04-29 12:52:24"
"334","Assignment 1","Quibusdam assumenda quidem id dignissimos sequi nostrum quia.","2025-09-11","44","13","2025-09-01 00:00:00","2025-04-29 12:52:32"
"335","Assignment 2","Velit dolorum quia placeat.","2025-10-11","44","13","2025-10-01 00:00:00","2025-04-29 12:52:32"
"336","Assignment 3","Magni autem dolor animi qui qui fugiat minus.","2025-11-11","44","13","2025-11-01 00:00:00","2025-04-29 12:52:32"
"337","Assignment 1","Blanditiis aut est quaerat magni ad magni nobis.","2024-02-11","49","17","2024-02-01 00:00:00","2025-04-29 12:52:32"
"338","Assignment 2","Rem nulla aliquid eum.","2024-03-11","49","17","2024-03-01 00:00:00","2025-04-29 12:52:41"
"339","Assignment 3","Atque sequi soluta laborum quisquam.","2024-04-11","49","17","2024-04-01 00:00:00","2025-04-29 12:52:49"
"340","Assignment 1","Enim aut iusto ducimus et cumque iusto.","2025-02-11","49","17","2025-02-01 00:00:00","2025-04-29 12:52:58"
"341","Assignment 2","Eaque sit maxime culpa voluptatem.","2025-03-11","49","17","2025-03-01 00:00:00","2025-04-29 12:53:07"
"342","Assignment 3","Sint voluptas ea tempore molestias.","2025-04-11","49","17","2025-04-01 00:00:00","2025-04-29 12:53:15"
"343","Assignment 1","Delectus quaerat perferendis quis explicabo quas possimus.","2024-02-11","50","4","2024-02-01 00:00:00","2025-04-29 12:53:23"
"344","Assignment 2","Earum quia nisi voluptas.","2024-03-11","50","4","2024-03-01 00:00:00","2025-04-29 12:53:31"
"345","Assignment 3","Qui consequatur totam id dolore iusto eos.","2024-04-11","50","4","2024-04-01 00:00:00","2025-04-29 12:53:39"
"346","Assignment 1","Quod quasi illum corrupti accusantium.","2025-02-11","50","4","2025-02-01 00:00:00","2025-04-29 12:53:47"
"347","Assignment 2","Distinctio et iusto officia non necessitatibus nemo est.","2025-03-11","50","4","2025-03-01 00:00:00","2025-04-29 12:53:56"
"348","Assignment 3","Sit laboriosam et autem qui nesciunt.","2025-04-11","50","4","2025-04-01 00:00:00","2025-04-29 12:54:04"
"349","Assignment 1","Fuga et omnis beatae libero.","2024-02-11","51","17","2024-02-01 00:00:00","2025-04-29 12:54:12"
"350","Assignment 2","Ex id nesciunt impedit.","2024-03-11","51","17","2024-03-01 00:00:00","2025-04-29 12:54:20"
"351","Assignment 3","Eum sequi doloremque maxime voluptatem.","2024-04-11","51","17","2024-04-01 00:00:00","2025-04-29 12:54:29"
"352","Assignment 1","Aut amet quas tenetur est est expedita.","2025-02-11","51","17","2025-02-01 00:00:00","2025-04-29 12:54:36"
"353","Assignment 2","Non minima cum vitae excepturi officia voluptatem sed veniam.","2025-03-11","51","17","2025-03-01 00:00:00","2025-04-29 12:54:43"
"354","Assignment 3","Est et est sunt et aliquam beatae quaerat.","2025-04-11","51","17","2025-04-01 00:00:00","2025-04-29 12:54:51"
"355","Assignment 1","Reiciendis molestiae quis doloremque corporis.","2024-02-11","52","22","2024-02-01 00:00:00","2025-04-29 12:54:59"
"356","Assignment 2","Necessitatibus quo iure et reprehenderit eum.","2024-03-11","52","22","2024-03-01 00:00:00","2025-04-29 12:55:07"
"357","Assignment 3","Ad non provident omnis modi laborum et.","2024-04-11","52","22","2024-04-01 00:00:00","2025-04-29 12:55:14"
"358","Assignment 1","Sed voluptas et recusandae aliquam.","2025-02-11","52","22","2025-02-01 00:00:00","2025-04-29 12:55:22"
"359","Assignment 2","Occaecati debitis est dicta asperiores deserunt laudantium omnis distinctio.","2025-03-11","52","22","2025-03-01 00:00:00","2025-04-29 12:55:30"
"360","Assignment 3","Vero deleniti ea pariatur voluptatem.","2025-04-11","52","22","2025-04-01 00:00:00","2025-04-29 12:55:37"
"361","Assignment 1","Assignment 1 for Machine Learning II","2025-09-11","53","19","2025-09-01 00:00:00","2025-04-30 06:42:25"
"362","Assignment 2","Assignment 2 for Machine Learning II","2025-10-11","53","19","2025-10-01 00:00:00","2025-04-30 06:42:25"
"363","Assignment 3","Magnam placeat qui occaecati ut.","2024-11-11","53","19","2024-11-01 00:00:00","2025-04-29 12:56:02"
"364","Assignment 1","Optio impedit reiciendis sed a ea.","2025-09-11","53","19","2025-09-01 00:00:00","2025-04-29 12:56:10"
"365","Assignment 2","Doloremque et aut eos saepe.","2025-10-11","53","19","2025-10-01 00:00:00","2025-04-29 12:56:10"
"366","Assignment 3","Sed eum distinctio veniam labore.","2025-11-11","53","19","2025-11-01 00:00:00","2025-04-29 12:56:10"
"367","Assignment 1","Assignment 1 for Computer Vision","2025-09-11","54","18","2025-09-01 00:00:00","2025-04-30 06:42:28"
"368","Assignment 2","Assignment 2 for Computer Vision","2025-10-11","54","18","2025-10-01 00:00:00","2025-04-30 06:42:28"
"369","Assignment 3","Est necessitatibus fuga ut occaecati impedit qui est.","2024-11-11","54","18","2024-11-01 00:00:00","2025-04-29 12:56:26"
"370","Assignment 1","Ex qui maiores voluptates aspernatur et sunt ut.","2025-09-11","54","18","2025-09-01 00:00:00","2025-04-29 12:56:32"
"371","Assignment 2","Qui id tempora qui eos quia sit.","2025-10-11","54","18","2025-10-01 00:00:00","2025-04-29 12:56:33"
"372","Assignment 3","Quam ducimus deserunt qui dolorem porro dolorem vel.","2025-11-11","54","18","2025-11-01 00:00:00","2025-04-29 12:56:33"
"373","Assignment 1","Assignment 1 for Natural Language Processing","2025-09-11","55","22","2025-09-01 00:00:00","2025-04-30 06:42:29"
"374","Assignment 2","Assignment 2 for Natural Language Processing","2025-10-11","55","22","2025-10-01 00:00:00","2025-04-30 06:42:29"
"375","Assignment 3","Alias occaecati incidunt vel quam tempora et numquam repellendus.","2024-11-11","55","22","2024-11-01 00:00:00","2025-04-29 12:56:47"
"376","Assignment 1","Et iure et non consequatur assumenda porro.","2025-09-11","55","22","2025-09-01 00:00:00","2025-04-29 12:56:56"
"377","Assignment 2","Quia vel sed autem mollitia soluta aut.","2025-10-11","55","22","2025-10-01 00:00:00","2025-04-29 12:56:56"
"378","Assignment 3","Rerum autem doloremque voluptatem facere suscipit totam sed.","2025-11-11","55","22","2025-11-01 00:00:00","2025-04-29 12:56:56"
"379","Assignment 1","Assignment 1 for Data Science II","2025-09-11","56","19","2025-09-01 00:00:00","2025-04-30 06:42:31"
"380","Assignment 2","Assignment 2 for Data Science II","2025-10-11","56","19","2025-10-01 00:00:00","2025-04-30 06:42:31"
"381","Assignment 3","Occaecati occaecati occaecati aut exercitationem praesentium distinctio.","2024-11-11","56","19","2024-11-01 00:00:00","2025-04-29 12:57:11"
"382","Assignment 1","Corporis laborum et doloremque quia itaque temporibus.","2025-09-11","56","19","2025-09-01 00:00:00","2025-04-29 12:57:19"
"383","Assignment 2","Nostrum aperiam necessitatibus aut minima vitae.","2025-10-11","56","19","2025-10-01 00:00:00","2025-04-29 12:57:19"
"384","Assignment 3","Dolorem non voluptatibus consectetur laborum sequi.","2025-11-11","56","19","2025-11-01 00:00:00","2025-04-29 12:57:20"
"385","Assignment 1","Iste dolorem quia iste sed assumenda et consequatur.","2025-02-11","57","21","2025-02-01 00:00:00","2025-04-29 12:57:20"
"386","Assignment 2","Vero nesciunt dolore error dolores rerum dolores et.","2025-03-11","57","21","2025-03-01 00:00:00","2025-04-29 12:57:28"
"387","Assignment 3","Temporibus et reiciendis quos vel dignissimos.","2025-04-11","57","21","2025-04-01 00:00:00","2025-04-29 12:57:36"
"388","Assignment 1","Provident earum a porro enim repellendus hic.","2025-02-11","58","20","2025-02-01 00:00:00","2025-04-29 12:57:44"
"389","Assignment 2","Qui dolor aut reiciendis vel alias iure eveniet.","2025-03-11","58","20","2025-03-01 00:00:00","2025-04-29 12:57:52"
"390","Assignment 3","Similique sit quis neque dignissimos modi iusto consectetur.","2025-04-11","58","20","2025-04-01 00:00:00","2025-04-29 12:57:59"
"391","Assignment 1","Magni et sequi quia ipsam.","2025-02-11","59","17","2025-02-01 00:00:00","2025-04-29 12:58:06"
"392","Assignment 2","Ut velit molestias animi sapiente rem aut illum dolores.","2025-03-11","59","17","2025-03-01 00:00:00","2025-04-29 12:58:14"
"393","Assignment 3","Odio tenetur maxime consectetur hic eum recusandae.","2025-04-11","59","17","2025-04-01 00:00:00","2025-04-29 12:58:22"
"394","Assignment 1","Incidunt quae et in quam itaque est quia omnis.","2025-02-11","60","18","2025-02-01 00:00:00","2025-04-29 12:58:30"
"395","Assignment 2","Aut sit odit numquam porro sit et quidem amet.","2025-03-11","60","18","2025-03-01 00:00:00","2025-04-29 12:58:38"
"396","Assignment 3","Et atque possimus et dolores ut dolores in suscipit.","2025-04-11","60","18","2025-04-01 00:00:00","2025-04-29 12:58:45"
"397","Assignment 1","Eveniet autem aut esse nesciunt ut fuga.","2024-02-11","65","18","2024-02-01 00:00:00","2025-04-29 12:58:53"
"398","Assignment 2","Excepturi eos maiores sit ut odio.","2024-03-11","65","18","2024-03-01 00:00:00","2025-04-29 12:59:01"
"399","Assignment 3","Et nihil rerum id in.","2024-04-11","65","18","2024-04-01 00:00:00","2025-04-29 12:59:10"
"400","Assignment 1","Quas culpa fugiat soluta nisi dolorem eaque.","2025-02-11","65","18","2025-02-01 00:00:00","2025-04-29 12:59:16"
"401","Assignment 2","Amet distinctio rerum quasi a assumenda qui facere.","2025-03-11","65","18","2025-03-01 00:00:00","2025-04-29 12:59:23"
"402","Assignment 3","Dolor laboriosam ut beatae est.","2025-04-11","65","18","2025-04-01 00:00:00","2025-04-29 12:59:31"
"403","Assignment 1","Quia beatae sint doloribus nobis maiores ut et.","2024-02-11","66","22","2024-02-01 00:00:00","2025-04-29 12:59:38"
"404","Assignment 2","Vel est ex expedita facere.","2024-03-11","66","22","2024-03-01 00:00:00","2025-04-29 12:59:45"
"405","Assignment 3","Quis enim nulla velit illo.","2024-04-11","66","22","2024-04-01 00:00:00","2025-04-29 12:59:53"
"406","Assignment 1","Placeat laborum voluptatum quidem itaque voluptatem odit.","2025-02-11","66","22","2025-02-01 00:00:00","2025-04-29 13:00:02"
"407","Assignment 2","Architecto veritatis suscipit repellat praesentium quis in.","2025-03-11","66","22","2025-03-01 00:00:00","2025-04-29 13:00:09"
"408","Assignment 3","Corrupti in iure ut explicabo modi.","2025-04-11","66","22","2025-04-01 00:00:00","2025-04-29 13:00:17"
"409","Assignment 1","Assignment 1 for Speech Recognition","2025-09-11","67","17","2025-09-01 00:00:00","2025-04-30 06:42:33"
"410","Assignment 2","Assignment 2 for Speech Recognition","2025-10-11","67","17","2025-10-01 00:00:00","2025-04-30 06:42:33"
"411","Assignment 3","Et quae deleniti unde dignissimos saepe.","2024-11-11","67","17","2024-11-01 00:00:00","2025-04-29 13:00:40"
"412","Assignment 1","Labore consequatur qui eaque nobis modi officiis.","2025-09-11","67","17","2025-09-01 00:00:00","2025-04-29 13:00:49"
"413","Assignment 2","Expedita corrupti aut eligendi.","2025-10-11","67","17","2025-10-01 00:00:00","2025-04-29 13:00:49"
"414","Assignment 3","Est ullam sapiente laborum.","2025-11-11","67","17","2025-11-01 00:00:00","2025-04-29 13:00:49"
"415","Assignment 1","Atque cum consequatur laboriosam ut consequatur ea.","2024-09-11","68","4","2024-09-01 00:00:00","2025-04-29 13:00:49"
"416","Assignment 2","Ut inventore eum alias.","2024-10-11","68","4","2024-10-01 00:00:00","2025-04-29 13:00:57"
"417","Assignment 3","Nostrum voluptate in culpa impedit nesciunt quam ut.","2024-11-11","68","4","2024-11-01 00:00:00","2025-04-29 13:01:05"
"418","Assignment 1","Accusamus est molestias facere sint omnis nobis.","2025-09-11","68","4","2025-09-01 00:00:00","2025-04-29 13:01:13"
"419","Assignment 2","Consequatur consequatur culpa eveniet molestias dignissimos voluptatem dolor.","2025-10-11","68","4","2025-10-01 00:00:00","2025-04-29 13:01:13"
"420","Assignment 3","Doloribus pariatur sunt laudantium est.","2025-11-11","68","4","2025-11-01 00:00:00","2025-04-29 13:01:13"
"421","Assignment 1","Aut inventore minus asperiores velit.","2024-02-11","73","24","2024-02-01 00:00:00","2025-04-29 13:01:13"
"422","Assignment 2","Et reiciendis at hic eveniet qui vitae beatae.","2024-03-11","73","24","2024-03-01 00:00:00","2025-04-29 13:01:21"
"423","Assignment 3","Illum nobis ex tenetur qui quibusdam aliquam at.","2024-04-11","73","24","2024-04-01 00:00:00","2025-04-29 13:01:30"
"424","Assignment 1","Officia aut voluptas repellat animi et ut nostrum.","2025-02-11","73","24","2025-02-01 00:00:00","2025-04-29 13:01:38"
"425","Assignment 2","Aut id accusantium excepturi laborum voluptatem itaque nostrum.","2025-03-11","73","24","2025-03-01 00:00:00","2025-04-29 13:01:46"
"426","Assignment 3","Sequi natus esse facere culpa.","2025-04-11","73","24","2025-04-01 00:00:00","2025-04-29 13:01:52"
"427","Assignment 1","Sint non sit voluptas nobis et earum.","2024-02-11","74","23","2024-02-01 00:00:00","2025-04-29 13:02:00"
"428","Assignment 2","Qui totam ut vitae corrupti porro consectetur voluptatum.","2024-03-11","74","23","2024-03-01 00:00:00","2025-04-29 13:02:07"
"429","Assignment 3","Dicta hic in qui quod.","2024-04-11","74","23","2024-04-01 00:00:00","2025-04-29 13:02:16"
"430","Assignment 1","Suscipit optio praesentium commodi nulla voluptatem.","2025-02-11","74","23","2025-02-01 00:00:00","2025-04-29 13:02:23"
"431","Assignment 2","Repellendus odit qui doloremque nobis debitis porro illum.","2025-03-11","74","23","2025-03-01 00:00:00","2025-04-29 13:02:31"
"432","Assignment 3","Nemo laboriosam omnis animi nemo officiis ipsam velit.","2025-04-11","74","23","2025-04-01 00:00:00","2025-04-29 13:02:39"
"433","Assignment 1","Perspiciatis sed quam voluptas non eaque.","2024-02-11","75","27","2024-02-01 00:00:00","2025-04-29 13:02:47"
"434","Assignment 2","Dolore debitis ratione laborum aperiam delectus.","2024-03-11","75","27","2024-03-01 00:00:00","2025-04-29 13:02:54"
"435","Assignment 3","Ea et minus eaque et est quis facilis nulla.","2024-04-11","75","27","2024-04-01 00:00:00","2025-04-29 13:03:01"
"436","Assignment 1","Eos et cum dicta eos necessitatibus.","2025-02-11","75","27","2025-02-01 00:00:00","2025-04-29 13:03:09"
"437","Assignment 2","Dolores nulla qui doloremque.","2025-03-11","75","27","2025-03-01 00:00:00","2025-04-29 13:03:16"
"438","Assignment 3","Commodi illo ipsum mollitia voluptatem.","2025-04-11","75","27","2025-04-01 00:00:00","2025-04-29 13:03:24"
"439","Assignment 1","Reprehenderit occaecati fuga quibusdam.","2024-02-11","76","24","2024-02-01 00:00:00","2025-04-29 13:03:31"
"440","Assignment 2","Et dolor libero consequuntur.","2024-03-11","76","24","2024-03-01 00:00:00","2025-04-29 13:03:39"
"441","Assignment 3","Earum rerum saepe aliquid voluptates.","2024-04-11","76","24","2024-04-01 00:00:00","2025-04-29 13:03:46"
"442","Assignment 1","Nisi consequatur dolor in ut non aliquam cupiditate.","2025-02-11","76","24","2025-02-01 00:00:00","2025-04-29 13:03:54"
"443","Assignment 2","Quos ab expedita repellendus modi.","2025-03-11","76","24","2025-03-01 00:00:00","2025-04-29 13:04:02"
"444","Assignment 3","Voluptatem illum non autem veniam.","2025-04-11","76","24","2025-04-01 00:00:00","2025-04-29 13:04:10"
"445","Assignment 1","Assignment 1 for Database Management II","2025-09-11","77","24","2025-09-01 00:00:00","2025-04-30 07:00:42"
"446","Assignment 2","Assignment 2 for Database Management II","2025-10-11","77","24","2025-10-01 00:00:00","2025-04-30 07:00:42"
"447","Assignment 3","Eos aliquam iure sunt dicta rem sapiente ea.","2024-11-11","77","24","2024-11-01 00:00:00","2025-04-29 13:04:32"
"448","Assignment 1","Deserunt molestiae quo maxime minima.","2025-09-11","77","24","2025-09-01 00:00:00","2025-04-29 13:04:40"
"449","Assignment 2","Quasi dolores sunt reiciendis doloribus consequatur ducimus.","2025-10-11","77","24","2025-10-01 00:00:00","2025-04-29 13:04:40"
"450","Assignment 3","Itaque voluptate labore libero et.","2025-11-11","77","24","2025-11-01 00:00:00","2025-04-29 13:04:40"
"451","Assignment 1","Assignment 1 for Enterprise Systems","2025-09-11","78","23","2025-09-01 00:00:00","2025-04-30 07:00:44"
"452","Assignment 2","Assignment 2 for Enterprise Systems","2025-10-11","78","23","2025-10-01 00:00:00","2025-04-30 07:00:44"
"453","Assignment 3","Voluptatem ut delectus neque ut corrupti possimus.","2024-11-11","78","23","2024-11-01 00:00:00","2025-04-29 13:04:56"
"454","Assignment 1","Quia cumque autem nulla dolorem sunt est.","2025-09-11","78","23","2025-09-01 00:00:00","2025-04-29 13:05:04"
"455","Assignment 2","Exercitationem eos dolore aut fuga minima iusto quae beatae.","2025-10-11","78","23","2025-10-01 00:00:00","2025-04-29 13:05:04"
"456","Assignment 3","Tempora sunt qui alias eum sit.","2025-11-11","78","23","2025-11-01 00:00:00","2025-04-29 13:05:04"
"457","Assignment 1","Assignment 1 for Web Development","2025-09-11","79","26","2025-09-01 00:00:00","2025-04-30 07:00:46"
"458","Assignment 2","Assignment 2 for Web Development","2025-10-11","79","26","2025-10-01 00:00:00","2025-04-30 07:00:46"
"459","Assignment 3","Ipsa incidunt ut repellendus magnam.","2024-11-11","79","26","2024-11-01 00:00:00","2025-04-29 13:05:20"
"460","Assignment 1","Excepturi omnis sit rerum ea.","2025-09-11","79","26","2025-09-01 00:00:00","2025-04-29 13:05:29"
"461","Assignment 2","At rerum facilis sit illo odio quo incidunt.","2025-10-11","79","26","2025-10-01 00:00:00","2025-04-29 13:05:29"
"462","Assignment 3","Iure reiciendis placeat quidem ut asperiores praesentium minus.","2025-11-11","79","26","2025-11-01 00:00:00","2025-04-29 13:05:29"
"463","Assignment 1","Assignment 1 for IT Project Management","2025-09-11","80","26","2025-09-01 00:00:00","2025-04-30 07:00:48"
"464","Assignment 2","Assignment 2 for IT Project Management","2025-10-11","80","26","2025-10-01 00:00:00","2025-04-30 07:00:48"
"465","Assignment 3","Sint ut esse est ut omnis eius.","2024-11-11","80","26","2024-11-01 00:00:00","2025-04-29 13:05:44"
"466","Assignment 1","Ut amet necessitatibus rerum vero id et quo.","2025-09-11","80","26","2025-09-01 00:00:00","2025-04-29 13:05:51"
"467","Assignment 2","Et quia doloribus laborum rerum.","2025-10-11","80","26","2025-10-01 00:00:00","2025-04-29 13:05:51"
"468","Assignment 3","Consequuntur qui soluta nostrum ullam ad ipsum.","2025-11-11","80","26","2025-11-01 00:00:00","2025-04-29 13:05:51"
"469","Assignment 1","Quis placeat explicabo sed saepe occaecati.","2025-02-11","81","24","2025-02-01 00:00:00","2025-04-29 13:05:52"
"470","Assignment 2","Magni nobis vitae et ut distinctio voluptatem.","2025-03-11","81","24","2025-03-01 00:00:00","2025-04-29 13:06:01"
"471","Assignment 3","Eum velit quo itaque provident aspernatur possimus.","2025-04-11","81","24","2025-04-01 00:00:00","2025-04-29 13:06:07"
"472","Assignment 1","Nisi perferendis saepe porro ex non.","2025-02-11","82","27","2025-02-01 00:00:00","2025-04-29 13:06:16"
"473","Assignment 2","Sapiente dolorem voluptatem quisquam.","2025-03-11","82","27","2025-03-01 00:00:00","2025-04-29 13:06:22"
"474","Assignment 3","Ea sint qui dolore praesentium.","2025-04-11","82","27","2025-04-01 00:00:00","2025-04-29 13:06:30"
"475","Assignment 1","Sint rerum sint dicta ea.","2025-02-11","83","25","2025-02-01 00:00:00","2025-04-29 13:06:39"
"476","Assignment 2","Dignissimos quia debitis dolorem.","2025-03-11","83","25","2025-03-01 00:00:00","2025-04-29 13:06:46"
"477","Assignment 3","Nostrum dolorem molestiae quia id.","2025-04-11","83","25","2025-04-01 00:00:00","2025-04-29 13:06:53"
"478","Assignment 1","Molestiae et ut asperiores maiores.","2025-02-11","84","27","2025-02-01 00:00:00","2025-04-29 13:07:01"
"479","Assignment 2","Nobis ut suscipit quis vel voluptate aut ducimus quam.","2025-03-11","84","27","2025-03-01 00:00:00","2025-04-29 13:07:09"
"480","Assignment 3","Rerum aut perspiciatis exercitationem sunt beatae eaque.","2025-04-11","84","27","2025-04-01 00:00:00","2025-04-29 13:07:15"
"481","Assignment 1","Non eos neque iste quibusdam et atque porro.","2024-02-11","89","26","2024-02-01 00:00:00","2025-04-29 13:07:22"
"482","Assignment 2","Quia deleniti quis reiciendis ad quis doloribus praesentium.","2024-03-11","89","26","2024-03-01 00:00:00","2025-04-29 13:07:31"
"483","Assignment 3","Ipsam et rerum sint quibusdam.","2024-04-11","89","26","2024-04-01 00:00:00","2025-04-29 13:07:38"
"484","Assignment 1","Repellendus est quo odit temporibus nulla saepe vel.","2025-02-11","89","26","2025-02-01 00:00:00","2025-04-29 13:07:45"
"485","Assignment 2","Pariatur eum quaerat itaque a molestiae eum velit.","2025-03-11","89","26","2025-03-01 00:00:00","2025-04-29 13:07:55"
"486","Assignment 3","Rerum ut assumenda et aspernatur veniam nostrum nisi.","2025-04-11","89","26","2025-04-01 00:00:00","2025-04-29 13:08:01"
"487","Assignment 1","Sunt enim voluptate fugit perferendis.","2024-02-11","90","26","2024-02-01 00:00:00","2025-04-29 13:08:10"
"488","Assignment 2","Necessitatibus delectus ut aut incidunt earum nulla.","2024-03-11","90","26","2024-03-01 00:00:00","2025-04-29 13:08:18"
"489","Assignment 3","Accusamus consequatur ipsum cum asperiores.","2024-04-11","90","26","2024-04-01 00:00:00","2025-04-29 13:08:27"
"490","Assignment 1","Nostrum eius tenetur eaque necessitatibus.","2025-02-11","90","26","2025-02-01 00:00:00","2025-04-29 13:08:35"
"491","Assignment 2","Eligendi voluptate odio placeat modi harum.","2025-03-11","90","26","2025-03-01 00:00:00","2025-04-29 13:08:42"
"492","Assignment 3","Rem error quisquam quae eum delectus sit sint.","2025-04-11","90","26","2025-04-01 00:00:00","2025-04-29 13:08:49"
"493","Assignment 1","Assignment 1 for Blockchain Applications","2025-09-11","91","25","2025-09-01 00:00:00","2025-04-30 07:00:50"
"494","Assignment 2","Assignment 2 for Blockchain Applications","2025-10-11","91","25","2025-10-01 00:00:00","2025-04-30 07:00:50"
"495","Assignment 3","Pariatur quisquam qui culpa delectus.","2024-11-11","91","25","2024-11-01 00:00:00","2025-04-29 13:09:14"
"496","Assignment 1","Corporis distinctio tempore sit rerum ut corporis.","2025-09-11","91","25","2025-09-01 00:00:00","2025-04-29 13:09:22"
"497","Assignment 2","Ut ipsam sint sequi est voluptatem.","2025-10-11","91","25","2025-10-01 00:00:00","2025-04-29 13:09:23"
"498","Assignment 3","Quos est ipsam perspiciatis facilis ut velit.","2025-11-11","91","25","2025-11-01 00:00:00","2025-04-29 13:09:23"
"499","Assignment 1","Fugit aut et pariatur quia.","2024-09-11","92","27","2024-09-01 00:00:00","2025-04-29 13:09:23"
"500","Assignment 2","Est at velit laboriosam consequatur.","2024-10-11","92","27","2024-10-01 00:00:00","2025-04-29 13:09:30"
"501","Assignment 3","Delectus rerum harum soluta quasi et.","2024-11-11","92","27","2024-11-01 00:00:00","2025-04-29 13:09:38"
"502","Assignment 1","Sint ea praesentium eveniet quia.","2025-09-11","92","27","2025-09-01 00:00:00","2025-04-29 13:09:45"
"503","Assignment 2","Ut nobis vel ut et.","2025-10-11","92","27","2025-10-01 00:00:00","2025-04-29 13:09:45"
"504","Assignment 3","Tempore dolorum dicta sit eum delectus.","2025-11-11","92","27","2025-11-01 00:00:00","2025-04-29 13:09:45"
"505","Assignment 1","Assignment 1 for Cloud Computing","2025-09-11","37","14","2025-09-01 00:00:00","2025-04-30 05:38:02"
"506","Assignment 2","Assignment 2 for Cloud Computing","2025-10-11","37","14","2025-10-01 00:00:00","2025-04-30 05:38:03"
"507","Assignment 1","Assignment 1 for Capstone Project II","2025-09-11","38","13","2025-09-01 00:00:00","2025-04-30 05:38:06"
"508","Assignment 2","Assignment 2 for Capstone Project II","2025-10-11","38","13","2025-10-01 00:00:00","2025-04-30 05:38:06"
"509","Assignment 1","Assignment 1 for Mobile Development","2025-09-11","39","16","2025-09-01 00:00:00","2025-04-30 05:38:07"
"510","Assignment 2","Assignment 2 for Mobile Development","2025-10-11","39","16","2025-10-01 00:00:00","2025-04-30 05:38:07"
"511","Assignment 1","Assignment 1 for Parallel Computing","2025-09-11","40","11","2025-09-01 00:00:00","2025-04-30 05:38:08"
"512","Assignment 2","Assignment 2 for Parallel Computing","2025-10-11","40","11","2025-10-01 00:00:00","2025-04-30 05:38:09"
"513","Assignment 1","Assignment 1 for Advanced AI Techniques","2025-09-11","61","22","2025-09-01 00:00:00","2025-04-30 07:37:19"
"514","Assignment 2","Assignment 2 for Advanced AI Techniques","2025-10-11","61","22","2025-10-01 00:00:00","2025-04-30 07:37:19"
"515","Assignment 1","Assignment 1 for AI Project II","2025-09-11","62","20","2025-09-01 00:00:00","2025-04-30 07:37:21"
"516","Assignment 2","Assignment 2 for AI Project II","2025-10-11","62","20","2025-10-01 00:00:00","2025-04-30 07:37:21"
"517","Assignment 1","Assignment 1 for AI in Robotics","2025-09-11","63","21","2025-09-01 00:00:00","2025-04-30 07:37:23"
"518","Assignment 2","Assignment 2 for AI in Robotics","2025-10-11","63","21","2025-10-01 00:00:00","2025-04-30 07:37:23"
"519","Assignment 1","Assignment 1 for Generative Models","2025-09-11","64","20","2025-09-01 00:00:00","2025-04-30 07:37:26"
"520","Assignment 2","Assignment 2 for Generative Models","2025-10-11","64","20","2025-10-01 00:00:00","2025-04-30 07:37:26"
"521","Assignment 1","Assignment 1 for Big Data Systems","2025-09-11","85","24","2025-09-01 00:00:00","2025-04-30 07:55:03"
"522","Assignment 2","Assignment 2 for Big Data Systems","2025-10-11","85","24","2025-10-01 00:00:00","2025-04-30 07:55:03"
"523","Assignment 1","Assignment 1 for Capstone Project II","2025-09-11","86","23","2025-09-01 00:00:00","2025-04-30 07:55:05"
"524","Assignment 2","Assignment 2 for Capstone Project II","2025-10-11","86","23","2025-10-01 00:00:00","2025-04-30 07:55:06"
"525","Assignment 1","Assignment 1 for IT Governance","2025-09-11","87","23","2025-09-01 00:00:00","2025-04-30 07:55:08"
"526","Assignment 2","Assignment 2 for IT Governance","2025-10-11","87","23","2025-10-01 00:00:00","2025-04-30 07:55:08"
"527","Assignment 1","Assignment 1 for Advanced Networking","2025-09-11","88","23","2025-09-01 00:00:00","2025-04-30 07:55:09"
"528","Assignment 2","Assignment 2 for Advanced Networking","2025-10-11","88","23","2025-10-01 00:00:00","2025-04-30 07:55:09"
