"id","student_id","course_id","quiz1","quiz2","midterm","assignments","project","final","total","grade","status","created_at","updated_at"
"1","9","1","7","5","12","15","3","28","70","F","fail","2025-03-12 12:22:39","2025-03-12 12:22:39"
"2","9","2","0","5","30","12","24","14","85","D-","pass","2025-03-12 12:22:39","2025-03-12 12:22:39"
"3","9","3","7","8","5","10","6","13","49","F","fail","2025-03-12 12:22:39","2025-03-12 12:22:39"
"4","9","4","6","7","21","9","22","18","83","F","fail","2025-03-12 12:22:39","2025-03-12 12:22:39"
"5","9","5","4","10","9","13","9","30","75","F","fail","2025-03-12 12:22:39","2025-03-12 12:22:39"
"6","9","6","7","4","28","8","30","20","97","D","pass","2025-03-12 12:22:39","2025-03-12 12:22:39"
"7","10","1","7","7","5","13","7","57","96","D","pass","2025-03-12 12:22:39","2025-03-12 12:22:39"
"8","10","2","10","3","1","11","20","5","50","F","fail","2025-03-12 12:22:39","2025-03-12 12:22:39"
"9","10","3","6","6","8","17","0","57","94","D","pass","2025-03-12 12:22:39","2025-03-12 12:22:39"
"10","10","4","5","1","20","0","10","48","84","F","fail","2025-03-12 12:22:39","2025-03-12 12:22:39"
"11","10","5","10","4","21","18","25","31","109","C-","pass","2025-03-12 12:22:39","2025-03-12 12:22:39"
"12","10","6","4","4","28","12","25","40","113","C","pass","2025-03-12 12:22:39","2025-03-12 12:22:39"
"13","11","1","10","0","17","14","8","35","84","F","fail","2025-03-12 12:22:39","2025-03-12 12:22:39"
"14","11","2","6","0","22","8","5","27","68","F","fail","2025-03-12 12:22:39","2025-03-12 12:22:39"
"15","11","3","10","1","1","14","12","30","68","F","fail","2025-03-12 12:22:39","2025-03-12 12:22:39"
"16","11","4","4","4","28","6","27","27","96","D","pass","2025-03-12 12:22:39","2025-03-12 12:22:39"
"17","11","5","3","2","2","17","25","20","69","F","fail","2025-03-12 12:22:39","2025-03-12 12:22:39"
"18","11","6","3","7","18","9","3","54","94","D","pass","2025-03-12 12:22:39","2025-03-12 12:22:39"
"19","11","7","8","8","13","18","7","7","61","F","fail","2025-03-12 12:22:39","2025-03-12 12:22:39"
"20","11","8","3","8","25","7","28","45","116","C","pass","2025-03-12 12:22:39","2025-03-12 12:22:39"
"21","11","9","3","8","15","21","3","4","54","F","fail","2025-03-12 12:22:39","2025-03-12 12:22:39"
"22","11","10","4","6","18","9","23","59","119","C+","pass","2025-03-12 12:22:40","2025-03-12 12:22:40"
"23","11","11","9","6","3","14","29","32","93","D-","pass","2025-03-12 12:22:40","2025-03-12 12:22:40"
"24","11","12","0","3","6","8","11","60","88","D-","pass","2025-03-12 12:22:40","2025-03-12 12:22:40"
"25","11","13","10","5","12","11","10","33","81","F","fail","2025-03-12 12:22:40","2025-03-12 12:22:40"
"26","11","14","6","7","17","22","29","52","133","B","pass","2025-03-12 12:22:40","2025-03-12 12:22:40"
"27","11","15","10","6","4","8","1","1","30","F","fail","2025-03-12 12:22:40","2025-03-12 12:22:40"
"28","11","16","1","5","25","12","25","39","107","D+","pass","2025-03-12 12:22:40","2025-03-12 12:22:40"
"29","11","17","2","9","14","14","15","27","81","F","fail","2025-03-12 12:22:40","2025-03-12 12:22:40"
"30","11","18","6","0","4","18","5","44","77","F","fail","2025-03-12 12:22:40","2025-03-12 12:22:40"
"31","12","1","5","10","21","4","1","0","41","F","fail","2025-03-12 12:22:40","2025-03-12 12:22:40"
"32","12","2","5","4","20","14","3","33","79","F","fail","2025-03-12 12:22:40","2025-03-12 12:22:40"
"33","12","3","3","4","16","10","3","32","68","F","fail","2025-03-12 12:22:40","2025-03-12 12:22:40"
"34","12","4","4","5","14","7","14","33","77","F","fail","2025-03-12 12:22:40","2025-03-12 12:22:40"
"35","12","5","8","10","10","5","28","32","93","D-","pass","2025-03-12 12:22:40","2025-03-12 12:22:40"
"36","12","6","7","5","11","11","14","5","53","F","fail","2025-03-12 12:22:40","2025-03-12 12:22:40"
"37","12","7","4","1","9","14","25","19","72","F","fail","2025-03-12 12:22:40","2025-03-12 12:22:40"
"38","12","8","10","9","5","2","13","36","75","F","fail","2025-03-12 12:22:40","2025-03-12 12:22:40"
"39","12","9","10","10","7","6","9","35","77","F","fail","2025-03-12 12:22:40","2025-03-12 12:22:40"
"40","12","10","2","3","22","9","23","36","95","D","pass","2025-03-12 12:22:40","2025-03-12 12:22:40"
"41","12","11","4","8","15","7","7","39","80","F","fail","2025-03-12 12:22:40","2025-03-12 12:22:40"
"42","12","12","1","9","9","19","7","47","92","D-","pass","2025-03-12 12:22:40","2025-03-12 12:22:40"
"43","12","13","9","8","7","10","20","26","80","F","fail","2025-03-12 12:22:40","2025-03-12 12:22:40"
"44","12","14","8","0","17","9","3","1","38","F","fail","2025-03-12 12:22:40","2025-03-12 12:22:40"
"45","12","15","8","6","28","17","3","60","122","C+","pass","2025-03-12 12:22:40","2025-03-12 12:22:40"
"46","12","16","3","1","23","14","13","27","81","F","fail","2025-03-12 12:22:41","2025-03-12 12:22:41"
"47","12","17","2","1","26","20","23","27","99","D","pass","2025-03-12 12:22:41","2025-03-12 12:22:41"
"48","12","18","10","1","13","10","11","7","52","F","fail","2025-03-12 12:22:41","2025-03-12 12:22:41"
"49","13","1","8","9","2","13","6","7","45","F","fail","2025-03-12 12:22:41","2025-03-12 12:22:41"
"50","13","2","3","8","9","11","13","1","45","F","fail","2025-03-12 12:22:41","2025-03-12 12:22:41"
"51","13","3","8","2","24","5","23","2","64","F","fail","2025-03-12 12:22:41","2025-03-12 12:22:41"
"52","13","4","7","4","21","3","23","4","62","F","fail","2025-03-12 12:22:41","2025-03-12 12:22:41"
"53","13","5","0","6","0","13","20","58","97","D","pass","2025-03-12 12:22:41","2025-03-12 12:22:41"
"54","13","6","0","2","28","11","10","54","105","D+","pass","2025-03-12 12:22:41","2025-03-12 12:22:41"
"55","13","7","1","3","2","7","26","35","74","F","fail","2025-03-12 12:22:41","2025-03-12 12:22:41"
"56","13","8","5","2","9","12","17","27","72","F","fail","2025-03-12 12:22:41","2025-03-12 12:22:41"
"57","13","9","3","3","6","15","8","32","67","F","fail","2025-03-12 12:22:41","2025-03-12 12:22:41"
"58","13","10","1","6","14","13","4","59","97","D","pass","2025-03-12 12:22:41","2025-03-12 12:22:41"
"59","13","11","9","10","29","12","12","0","72","F","fail","2025-03-12 12:22:41","2025-03-12 12:22:41"
"60","13","12","2","6","0","26","4","38","76","F","fail","2025-03-12 12:22:41","2025-03-12 12:22:41"
"61","13","13","1","9","5","12","29","30","86","D-","pass","2025-03-12 12:22:41","2025-03-12 12:22:41"
"62","13","14","6","9","11","14","14","24","78","F","fail","2025-03-12 12:22:41","2025-03-12 12:22:41"
"63","13","15","3","10","13","3","4","0","33","F","fail","2025-03-12 12:22:41","2025-03-12 12:22:41"
"64","13","16","9","10","15","20","4","33","91","D-","pass","2025-03-12 12:22:41","2025-03-12 12:22:41"
"65","13","17","2","4","12","14","0","45","77","F","fail","2025-03-12 12:22:41","2025-03-12 12:22:41"
"66","13","18","6","6","21","1","22","0","56","F","fail","2025-03-12 12:22:41","2025-03-12 12:22:41"
"67","13","19","2","4","18","18","10","42","94","D","pass","2025-03-12 12:22:41","2025-03-12 12:22:41"
"68","13","20","7","5","5","18","5","33","73","F","fail","2025-03-12 12:22:42","2025-03-12 12:22:42"
"69","13","21","3","8","30","13","28","36","118","C","pass","2025-03-12 12:22:42","2025-03-12 12:22:42"
"70","13","22","9","0","8","12","5","56","90","D-","pass","2025-03-12 12:22:42","2025-03-12 12:22:42"
"71","13","23","7","0","10","8","19","19","63","F","fail","2025-03-12 12:22:42","2025-03-12 12:22:42"
"72","13","24","5","4","11","3","7","16","46","F","fail","2025-03-12 12:22:42","2025-03-12 12:22:42"
"73","13","25","5","7","29","6","28","19","94","D","pass","2025-03-12 12:22:42","2025-03-12 12:22:42"
"74","13","26","2","5","15","15","8","28","73","F","fail","2025-03-12 12:22:42","2025-03-12 12:22:42"
"75","13","27","6","9","30","17","13","46","121","C+","pass","2025-03-12 12:22:42","2025-03-12 12:22:42"
"76","13","28","4","10","25","2","3","58","102","D+","pass","2025-03-12 12:22:42","2025-03-12 12:22:42"
"77","13","41","7","2","18","13","18","47","105","D+","pass","2025-03-12 12:22:42","2025-03-12 12:22:42"
"78","13","42","7","9","9","26","25","40","116","C","pass","2025-03-12 12:22:42","2025-03-12 12:22:42"
"79","14","1","9","7","18","5","17","46","102","D+","pass","2025-03-12 12:22:42","2025-03-12 12:22:42"
"80","14","2","5","8","14","18","13","56","114","C","pass","2025-03-12 12:22:42","2025-03-12 12:22:42"
"81","14","3","10","9","23","15","22","16","95","D","pass","2025-03-12 12:22:42","2025-03-12 12:22:42"
"82","14","4","10","2","23","11","14","57","117","C","pass","2025-03-12 12:22:42","2025-03-12 12:22:42"
"83","14","5","2","3","6","5","27","60","103","D+","pass","2025-03-12 12:22:42","2025-03-12 12:22:42"
"84","14","6","3","6","8","24","6","55","102","D+","pass","2025-03-12 12:22:42","2025-03-12 12:22:42"
"85","14","7","5","1","24","15","17","27","89","D-","pass","2025-03-12 12:22:42","2025-03-12 12:22:42"
"86","14","8","2","3","7","11","9","21","53","F","fail","2025-03-12 12:22:42","2025-03-12 12:22:42"
"87","14","9","7","2","2","5","25","44","85","D-","pass","2025-03-12 12:22:42","2025-03-12 12:22:42"
"88","14","10","0","1","16","6","2","38","63","F","fail","2025-03-12 12:22:42","2025-03-12 12:22:42"
"89","14","11","6","6","26","16","1","24","79","F","fail","2025-03-12 12:22:42","2025-03-12 12:22:42"
"90","14","12","1","6","15","3","2","33","60","F","fail","2025-03-12 12:22:42","2025-03-12 12:22:42"
"91","14","13","5","3","25","16","7","32","88","D-","pass","2025-03-12 12:22:42","2025-03-12 12:22:42"
"92","14","14","7","4","24","10","22","1","68","F","fail","2025-03-12 12:22:42","2025-03-12 12:22:42"
"93","14","15","9","0","2","10","30","12","63","F","fail","2025-03-12 12:22:42","2025-03-12 12:22:42"
"94","14","16","9","1","11","22","5","50","98","D","pass","2025-03-12 12:22:42","2025-03-12 12:22:42"
"95","14","17","7","6","13","12","27","23","88","D-","pass","2025-03-12 12:22:42","2025-03-12 12:22:42"
"96","14","18","1","2","12","3","22","0","40","F","fail","2025-03-12 12:22:42","2025-03-12 12:22:42"
"97","14","19","1","5","8","18","6","41","79","F","fail","2025-03-12 12:22:42","2025-03-12 12:22:42"
"98","14","20","8","3","11","13","2","49","86","D-","pass","2025-03-12 12:22:42","2025-03-12 12:22:42"
"99","14","21","2","1","28","24","24","12","91","D-","pass","2025-03-12 12:22:43","2025-03-12 12:22:43"
"100","14","22","7","4","10","22","16","22","81","F","fail","2025-03-12 12:22:43","2025-03-12 12:22:43"
"101","14","23","3","0","26","6","21","58","114","C","pass","2025-03-12 12:22:43","2025-03-12 12:22:43"
"102","14","24","1","4","22","19","5","8","59","F","fail","2025-03-12 12:22:43","2025-03-12 12:22:43"
"103","14","25","1","10","26","9","13","44","103","D+","pass","2025-03-12 12:22:43","2025-03-12 12:22:43"
"104","14","26","10","1","24","5","30","27","97","D","pass","2025-03-12 12:22:43","2025-03-12 12:22:43"
"105","14","27","2","5","15","0","1","50","73","F","fail","2025-03-12 12:22:43","2025-03-12 12:22:43"
"106","14","28","10","2","0","21","22","38","93","D-","pass","2025-03-12 12:22:43","2025-03-12 12:22:43"
"107","14","41","3","4","4","15","1","17","44","F","fail","2025-03-12 12:22:43","2025-03-12 12:22:43"
"108","14","42","2","9","24","4","27","56","122","C+","pass","2025-03-12 12:22:43","2025-03-12 12:22:43"
"109","17","1","9","9","15","20","27","4","84","F","fail","2025-03-12 12:22:43","2025-03-12 12:22:43"
"110","17","2","2","10","3","3","8","41","67","F","fail","2025-03-12 12:22:43","2025-03-12 12:22:43"
"111","17","3","3","1","3","7","26","48","88","D-","pass","2025-03-12 12:22:43","2025-03-12 12:22:43"
"112","17","4","6","6","27","20","9","0","68","F","fail","2025-03-12 12:22:43","2025-03-12 12:22:43"
"113","17","5","5","8","11","5","6","5","40","F","fail","2025-03-12 12:22:43","2025-03-12 12:22:43"
"114","17","6","10","6","19","21","23","36","115","C","pass","2025-03-12 12:22:43","2025-03-12 12:22:43"
"115","17","7","0","1","0","18","30","57","106","D+","pass","2025-03-12 12:22:43","2025-03-12 12:22:43"
"116","17","8","2","7","15","12","29","37","102","D+","pass","2025-03-12 12:22:43","2025-03-12 12:22:43"
"117","17","9","5","10","18","9","3","48","93","D-","pass","2025-03-12 12:22:43","2025-03-12 12:22:43"
"118","17","10","7","6","26","10","17","55","121","C+","pass","2025-03-12 12:22:43","2025-03-12 12:22:43"
"119","17","11","4","2","11","20","5","41","83","F","fail","2025-03-12 12:22:44","2025-03-12 12:22:44"
"120","17","12","3","8","1","13","14","11","50","F","fail","2025-03-12 12:22:44","2025-03-12 12:22:44"
"121","17","13","7","8","18","16","3","23","75","F","fail","2025-03-12 12:22:44","2025-03-12 12:22:44"
"122","17","14","9","0","5","5","16","46","81","F","fail","2025-03-12 12:22:44","2025-03-12 12:22:44"
"123","17","15","0","2","29","13","0","1","45","F","fail","2025-03-12 12:22:44","2025-03-12 12:22:44"
"124","17","16","6","5","18","3","12","39","83","F","fail","2025-03-12 12:22:44","2025-03-12 12:22:44"
"125","17","17","6","10","23","17","14","55","125","B-","pass","2025-03-12 12:22:44","2025-03-12 12:22:44"
"126","17","18","5","2","24","8","15","39","93","D-","pass","2025-03-12 12:22:44","2025-03-12 12:22:44"
"127","17","19","7","8","25","19","11","50","120","C+","pass","2025-03-12 12:22:44","2025-03-12 12:22:44"
"128","17","20","5","8","2","5","5","48","73","F","fail","2025-03-12 12:22:44","2025-03-12 12:22:44"
"129","17","21","0","8","29","28","9","16","90","D-","pass","2025-03-12 12:22:44","2025-03-12 12:22:44"
"130","17","22","1","1","28","7","22","60","119","C+","pass","2025-03-12 12:22:44","2025-03-12 12:22:44"
"131","17","23","8","6","19","20","12","56","121","C+","pass","2025-03-12 12:22:44","2025-03-12 12:22:44"
"132","17","24","3","0","15","3","0","22","43","F","fail","2025-03-12 12:22:44","2025-03-12 12:22:44"
"133","17","49","6","4","14","13","5","27","69","F","fail","2025-03-12 12:22:44","2025-03-12 12:22:44"
"134","17","50","7","6","2","3","17","57","92","D-","pass","2025-03-12 12:22:44","2025-03-12 12:22:44"
"135","17","51","3","5","26","3","7","27","71","F","fail","2025-03-12 12:22:44","2025-03-12 12:22:44"
"136","17","52","3","0","8","0","0","24","35","F","fail","2025-03-12 12:22:44","2025-03-12 12:22:44"
"137","17","65","7","10","2","18","11","43","91","D-","pass","2025-03-12 12:22:44","2025-03-12 12:22:44"
"138","17","66","3","6","30","13","8","15","75","F","fail","2025-03-12 12:22:44","2025-03-12 12:22:44"
"139","18","1","4","5","20","2","5","10","46","F","fail","2025-03-12 12:22:44","2025-03-12 12:22:44"
"140","18","2","8","9","23","0","15","31","86","D-","pass","2025-03-12 12:22:45","2025-03-12 12:22:45"
"141","18","3","0","4","14","11","14","10","53","F","fail","2025-03-12 12:22:45","2025-03-12 12:22:45"
"142","18","4","9","0","24","15","3","47","98","D","pass","2025-03-12 12:22:45","2025-03-12 12:22:45"
"143","18","5","5","5","11","10","3","13","47","F","fail","2025-03-12 12:22:45","2025-03-12 12:22:45"
"144","18","6","7","3","28","19","8","18","83","F","fail","2025-03-12 12:22:45","2025-03-12 12:22:45"
"145","18","7","2","3","29","5","30","30","99","D","pass","2025-03-12 12:22:45","2025-03-12 12:22:45"
"146","18","8","9","4","7","22","11","42","95","D","pass","2025-03-12 12:22:45","2025-03-12 12:22:45"
"147","18","9","10","10","20","1","24","38","103","D+","pass","2025-03-12 12:22:45","2025-03-12 12:22:45"
"148","18","10","0","8","6","5","30","53","102","D+","pass","2025-03-12 12:22:45","2025-03-12 12:22:45"
"149","18","11","1","7","20","1","0","46","75","F","fail","2025-03-12 12:22:45","2025-03-12 12:22:45"
"150","18","12","2","8","9","9","22","21","71","F","fail","2025-03-12 12:22:45","2025-03-12 12:22:45"
"151","18","13","3","9","19","8","4","19","62","F","fail","2025-03-12 12:22:45","2025-03-12 12:22:45"
"152","18","14","1","8","1","2","18","3","33","F","fail","2025-03-12 12:22:45","2025-03-12 12:22:45"
"153","18","15","4","5","9","8","9","30","65","F","fail","2025-03-12 12:22:45","2025-03-12 12:22:45"
"154","18","16","9","5","10","5","3","9","41","F","fail","2025-03-12 12:22:45","2025-03-12 12:22:45"
"155","18","17","5","2","4","9","14","60","94","D","pass","2025-03-12 12:22:45","2025-03-12 12:22:45"
"156","18","18","9","7","6","12","7","23","64","F","fail","2025-03-12 12:22:45","2025-03-12 12:22:45"
"157","18","19","0","9","24","16","20","11","80","F","fail","2025-03-12 12:22:46","2025-03-12 12:22:46"
"158","18","20","8","6","15","1","15","46","91","D-","pass","2025-03-12 12:22:46","2025-03-12 12:22:46"
"159","18","21","1","2","20","16","6","15","60","F","fail","2025-03-12 12:22:46","2025-03-12 12:22:46"
"160","18","22","5","0","15","3","1","40","64","F","fail","2025-03-12 12:22:46","2025-03-12 12:22:46"
"161","18","23","10","8","6","3","8","51","86","D-","pass","2025-03-12 12:22:46","2025-03-12 12:22:46"
"162","18","24","1","10","3","10","9","24","57","F","fail","2025-03-12 12:22:46","2025-03-12 12:22:46"
"163","18","49","8","5","12","7","13","3","48","F","fail","2025-03-12 12:22:46","2025-03-12 12:22:46"
"164","18","50","3","8","30","6","18","59","124","B-","pass","2025-03-12 12:22:46","2025-03-12 12:22:46"
"165","18","51","6","1","10","16","26","21","80","F","fail","2025-03-12 12:22:46","2025-03-12 12:22:46"
"166","18","52","2","10","27","3","1","43","86","D-","pass","2025-03-12 12:22:46","2025-03-12 12:22:46"
"167","18","65","1","0","26","3","26","46","102","D+","pass","2025-03-12 12:22:46","2025-03-12 12:22:46"
"168","18","66","9","8","6","20","29","2","74","F","fail","2025-03-12 12:22:46","2025-03-12 12:22:46"
"169","21","1","4","8","23","6","28","6","75","F","fail","2025-03-12 12:22:46","2025-03-12 12:22:46"
"170","21","2","9","2","24","7","22","5","69","F","fail","2025-03-12 12:22:46","2025-03-12 12:22:46"
"171","21","3","4","4","20","14","25","60","127","B-","pass","2025-03-12 12:22:46","2025-03-12 12:22:46"
"172","21","4","5","2","0","10","28","5","50","F","fail","2025-03-12 12:22:46","2025-03-12 12:22:46"
"173","21","5","2","9","26","22","2","40","101","D","pass","2025-03-12 12:22:46","2025-03-12 12:22:46"
"174","21","6","2","0","9","6","0","34","51","F","fail","2025-03-12 12:22:46","2025-03-12 12:22:46"
"175","21","7","7","8","8","20","18","23","84","F","fail","2025-03-12 12:22:46","2025-03-12 12:22:46"
"176","21","8","4","5","30","14","26","59","138","B+","pass","2025-03-12 12:22:47","2025-03-12 12:22:47"
"177","21","9","0","6","24","16","25","17","88","D-","pass","2025-03-12 12:22:47","2025-03-12 12:22:47"
"178","21","10","4","10","8","13","16","60","111","C","pass","2025-03-12 12:22:47","2025-03-12 12:22:47"
"179","21","11","7","9","4","4","5","46","75","F","fail","2025-03-12 12:22:47","2025-03-12 12:22:47"
"180","21","12","0","8","0","9","15","53","85","D-","pass","2025-03-12 12:22:47","2025-03-12 12:22:47"
"181","21","13","8","10","1","5","30","25","79","F","fail","2025-03-12 12:22:47","2025-03-12 12:22:47"
"182","21","14","8","9","28","7","15","56","123","B-","pass","2025-03-12 12:22:47","2025-03-12 12:22:47"
"183","21","15","5","4","15","4","0","10","38","F","fail","2025-03-12 12:22:47","2025-03-12 12:22:47"
"184","21","16","6","0","0","18","11","35","70","F","fail","2025-03-12 12:22:47","2025-03-12 12:22:47"
"185","21","17","9","7","27","8","0","28","79","F","fail","2025-03-12 12:22:47","2025-03-12 12:22:47"
"186","21","18","7","9","16","10","9","60","111","C","pass","2025-03-12 12:22:47","2025-03-12 12:22:47"
"187","21","19","6","2","1","20","5","36","70","F","fail","2025-03-12 12:22:47","2025-03-12 12:22:47"
"188","21","20","2","7","7","0","30","0","46","F","fail","2025-03-12 12:22:47","2025-03-12 12:22:47"
"189","21","21","2","3","7","23","4","39","78","F","fail","2025-03-12 12:22:47","2025-03-12 12:22:47"
"190","21","22","10","10","25","18","10","16","89","D-","pass","2025-03-12 12:22:48","2025-03-12 12:22:48"
"191","21","23","1","4","25","18","2","60","110","C-","pass","2025-03-12 12:22:48","2025-03-12 12:22:48"
"192","21","24","0","5","29","21","1","9","65","F","fail","2025-03-12 12:22:48","2025-03-12 12:22:48"
"193","21","73","9","1","13","7","0","24","54","F","fail","2025-03-12 12:22:48","2025-03-12 12:22:48"
"194","21","74","0","4","2","10","19","58","93","D-","pass","2025-03-12 12:22:48","2025-03-12 12:22:48"
"195","21","75","8","4","23","14","29","13","91","D-","pass","2025-03-12 12:22:48","2025-03-12 12:22:48"
"196","21","76","5","1","9","6","4","33","58","F","fail","2025-03-12 12:22:48","2025-03-12 12:22:48"
"197","21","89","7","3","26","15","16","19","86","D-","pass","2025-03-12 12:22:48","2025-03-12 12:22:48"
"198","21","90","2","7","22","7","22","41","101","D","pass","2025-03-12 12:22:48","2025-03-12 12:22:48"
"199","22","1","4","2","7","18","5","18","54","F","fail","2025-03-12 12:22:48","2025-03-12 12:22:48"
"200","22","2","6","0","2","9","11","15","43","F","fail","2025-03-12 12:22:48","2025-03-12 12:22:48"
"201","22","3","2","2","0","4","12","41","61","F","fail","2025-03-12 12:22:48","2025-03-12 12:22:48"
"202","22","4","4","0","2","17","7","59","89","D-","pass","2025-03-12 12:22:48","2025-03-12 12:22:48"
"203","22","5","6","5","17","5","29","17","79","F","fail","2025-03-12 12:22:48","2025-03-12 12:22:48"
"204","22","6","2","3","17","11","28","20","81","F","fail","2025-03-12 12:22:48","2025-03-12 12:22:48"
"205","22","7","8","8","22","9","18","18","83","F","fail","2025-03-12 12:22:49","2025-03-12 12:22:49"
"206","22","8","5","8","30","10","2","3","58","F","fail","2025-03-12 12:22:49","2025-03-12 12:22:49"
"207","22","9","3","1","3","8","11","45","71","F","fail","2025-03-12 12:22:49","2025-03-12 12:22:49"
"208","22","10","10","0","25","0","26","18","79","F","fail","2025-03-12 12:22:49","2025-03-12 12:22:49"
"209","22","11","6","0","24","11","4","34","79","F","fail","2025-03-12 12:22:49","2025-03-12 12:22:49"
"210","22","12","5","9","0","6","15","39","74","F","fail","2025-03-12 12:22:49","2025-03-12 12:22:49"
"211","22","13","9","6","8","9","8","46","86","D-","pass","2025-03-12 12:22:49","2025-03-12 12:22:49"
"212","22","14","4","9","11","12","20","57","113","C","pass","2025-03-12 12:22:49","2025-03-12 12:22:49"
"213","22","15","2","4","2","7","3","37","55","F","fail","2025-03-12 12:22:49","2025-03-12 12:22:49"
"214","22","16","9","8","16","10","4","48","95","D","pass","2025-03-12 12:22:49","2025-03-12 12:22:49"
"215","22","17","3","5","25","27","8","34","102","D+","pass","2025-03-12 12:22:49","2025-03-12 12:22:49"
"216","22","18","9","8","27","9","22","1","76","F","fail","2025-03-12 12:22:49","2025-03-12 12:22:49"
"217","22","19","2","7","20","15","16","31","91","D-","pass","2025-03-12 12:22:49","2025-03-12 12:22:49"
"218","22","20","9","5","20","18","21","10","83","F","fail","2025-03-12 12:22:49","2025-03-12 12:22:49"
"219","22","21","0","0","20","10","8","50","88","D-","pass","2025-03-12 12:22:49","2025-03-12 12:22:49"
"220","22","22","1","7","12","5","19","38","82","F","fail","2025-03-12 12:22:49","2025-03-12 12:22:49"
"221","22","23","3","9","4","13","2","13","44","F","fail","2025-03-12 12:22:49","2025-03-12 12:22:49"
"222","22","24","2","9","5","7","5","26","54","F","fail","2025-03-12 12:22:49","2025-03-12 12:22:49"
"223","22","73","10","0","29","14","9","51","113","C","pass","2025-03-12 12:22:49","2025-03-12 12:22:49"
"224","22","74","10","4","2","13","21","28","78","F","fail","2025-03-12 12:22:49","2025-03-12 12:22:49"
"225","22","75","7","10","25","10","10","50","112","C","pass","2025-03-12 12:22:50","2025-03-12 12:22:50"
"226","22","76","2","3","15","3","16","34","73","F","fail","2025-03-12 12:22:50","2025-03-12 12:22:50"
"227","22","89","9","10","13","10","29","54","125","B-","pass","2025-03-12 12:22:50","2025-03-12 12:22:50"
"228","22","90","3","6","26","13","8","58","114","C","pass","2025-03-12 12:22:50","2025-03-12 12:22:50"
"229","25","1","3","8","10","14","23","12","70","F","fail","2025-03-12 12:22:50","2025-03-12 12:22:50"
"230","25","2","5","10","15","10","30","53","123","B-","pass","2025-03-12 12:22:50","2025-03-12 12:22:50"
"231","25","3","7","4","5","14","2","53","85","D-","pass","2025-03-12 12:22:50","2025-03-12 12:22:50"
"232","25","4","8","9","9","3","6","7","42","F","fail","2025-03-12 12:22:50","2025-03-12 12:22:50"
"233","25","5","3","1","3","15","22","57","101","D","pass","2025-03-12 12:22:50","2025-03-12 12:22:50"
"234","25","6","6","1","13","12","19","45","96","D","pass","2025-03-12 12:22:50","2025-03-12 12:22:50"
"235","25","7","6","5","22","1","7","14","55","F","fail","2025-03-12 12:22:50","2025-03-12 12:22:50"
"236","25","8","1","0","0","17","7","1","26","F","fail","2025-03-12 12:22:50","2025-03-12 12:22:50"
"237","25","9","0","2","7","7","26","27","69","F","fail","2025-03-12 12:22:50","2025-03-12 12:22:50"
"238","25","10","5","10","20","8","24","41","108","C-","pass","2025-03-12 12:22:50","2025-03-12 12:22:50"
"239","25","11","6","10","29","21","21","53","140","B+","pass","2025-03-12 12:22:50","2025-03-12 12:22:50"
"240","25","12","7","5","18","14","23","38","105","D+","pass","2025-03-12 12:22:50","2025-03-12 12:22:50"
"241","25","13","7","1","27","9","15","39","98","D","pass","2025-03-12 12:22:50","2025-03-12 12:22:50"
"242","25","14","6","2","6","0","28","32","74","F","fail","2025-03-12 12:22:50","2025-03-12 12:22:50"
"243","25","15","4","4","18","6","25","17","74","F","fail","2025-03-12 12:22:50","2025-03-12 12:22:50"
"244","25","16","4","2","17","13","7","27","70","F","fail","2025-03-12 12:22:50","2025-03-12 12:22:50"
"245","25","17","1","4","24","5","27","13","74","F","fail","2025-03-12 12:22:50","2025-03-12 12:22:50"
"246","25","18","4","10","4","13","17","48","96","D","pass","2025-03-12 12:22:51","2025-03-12 12:22:51"
"247","25","19","6","9","10","0","29","14","68","F","fail","2025-03-12 12:22:51","2025-03-12 12:22:51"
"248","25","20","0","9","20","7","24","37","97","D","pass","2025-03-12 12:22:51","2025-03-12 12:22:51"
"249","25","21","1","0","11","25","15","25","77","F","fail","2025-03-12 12:22:51","2025-03-12 12:22:51"
"250","25","22","1","1","23","13","16","35","89","D-","pass","2025-03-12 12:22:51","2025-03-12 12:22:51"
"251","25","23","4","1","9","19","6","30","69","F","fail","2025-03-12 12:22:51","2025-03-12 12:22:51"
"252","25","24","10","8","24","9","20","25","96","D","pass","2025-03-12 12:22:51","2025-03-12 12:22:51"
"253","25","25","10","1","23","7","27","51","119","C+","pass","2025-03-12 12:22:51","2025-03-12 12:22:51"
"254","25","26","10","6","15","11","19","34","95","D","pass","2025-03-12 12:22:51","2025-03-12 12:22:51"
"255","25","27","7","8","12","16","4","54","101","D","pass","2025-03-12 12:22:51","2025-03-12 12:22:51"
"256","25","28","7","9","0","15","0","8","39","F","fail","2025-03-12 12:22:51","2025-03-12 12:22:51"
"257","25","29","0","6","17","1","23","4","51","F","fail","2025-03-12 12:22:51","2025-03-12 12:22:51"
"258","25","30","2","2","1","10","19","19","53","F","fail","2025-03-12 12:22:51","2025-03-12 12:22:51"
"259","25","31","7","0","12","8","6","48","81","F","fail","2025-03-12 12:22:51","2025-03-12 12:22:51"
"260","25","32","1","2","13","23","25","0","64","F","fail","2025-03-12 12:22:51","2025-03-12 12:22:51"
"261","25","33","0","9","18","18","2","34","81","F","fail","2025-03-12 12:22:51","2025-03-12 12:22:51"
"262","25","34","4","10","19","8","21","13","75","F","fail","2025-03-12 12:22:51","2025-03-12 12:22:51"
"263","25","35","7","1","14","8","16","1","47","F","fail","2025-03-12 12:22:51","2025-03-12 12:22:51"
"264","25","36","1","8","29","15","20","11","84","F","fail","2025-03-12 12:22:51","2025-03-12 12:22:51"
"265","25","41","2","4","24","9","12","39","90","D-","pass","2025-03-12 12:22:51","2025-03-12 12:22:51"
"266","25","42","8","6","27","13","18","12","84","F","fail","2025-03-12 12:22:51","2025-03-12 12:22:51"
"267","25","43","1","4","9","7","17","38","76","F","fail","2025-03-12 12:22:51","2025-03-12 12:22:51"
"268","25","44","1","5","5","11","2","53","77","F","fail","2025-03-12 12:22:51","2025-03-12 12:22:51"
"269","26","1","7","2","1","18","26","31","85","D-","pass","2025-03-12 12:22:51","2025-03-12 12:22:51"
"270","26","2","5","4","23","4","11","10","57","F","fail","2025-03-12 12:22:51","2025-03-12 12:22:51"
"271","26","3","3","2","4","13","28","45","95","D","pass","2025-03-12 12:22:52","2025-03-12 12:22:52"
"272","26","4","10","9","20","10","8","25","82","F","fail","2025-03-12 12:22:52","2025-03-12 12:22:52"
"273","26","5","0","3","10","14","12","23","62","F","fail","2025-03-12 12:22:52","2025-03-12 12:22:52"
"274","26","6","2","1","8","0","19","8","38","F","fail","2025-03-12 12:22:52","2025-03-12 12:22:52"
"275","26","7","10","3","10","12","5","28","68","F","fail","2025-03-12 12:22:52","2025-03-12 12:22:52"
"276","26","8","3","5","7","28","27","22","92","D-","pass","2025-03-12 12:22:52","2025-03-12 12:22:52"
"277","26","9","1","6","4","5","24","6","46","F","fail","2025-03-12 12:22:52","2025-03-12 12:22:52"
"278","26","10","4","8","29","14","1","49","105","D+","pass","2025-03-12 12:22:52","2025-03-12 12:22:52"
"279","26","11","4","3","28","8","29","3","75","F","fail","2025-03-12 12:22:52","2025-03-12 12:22:52"
"280","26","12","4","10","17","8","18","37","94","D","pass","2025-03-12 12:22:52","2025-03-12 12:22:52"
"281","26","13","0","7","8","10","14","16","55","F","fail","2025-03-12 12:22:52","2025-03-12 12:22:52"
"282","26","14","2","7","25","13","7","54","108","C-","pass","2025-03-12 12:22:52","2025-03-12 12:22:52"
"283","26","15","2","8","21","0","10","7","48","F","fail","2025-03-12 12:22:52","2025-03-12 12:22:52"
"284","26","16","6","8","23","3","23","5","68","F","fail","2025-03-12 12:22:52","2025-03-12 12:22:52"
"285","26","17","5","1","22","10","7","2","47","F","fail","2025-03-12 12:22:52","2025-03-12 12:22:52"
"286","26","18","8","10","23","7","11","45","104","D+","pass","2025-03-12 12:22:52","2025-03-12 12:22:52"
"287","26","19","10","3","13","14","19","46","105","D+","pass","2025-03-12 12:22:52","2025-03-12 12:22:52"
"288","26","20","8","10","17","21","16","46","118","C","pass","2025-03-12 12:22:52","2025-03-12 12:22:52"
"289","26","21","5","5","16","13","8","32","79","F","fail","2025-03-12 12:22:52","2025-03-12 12:22:52"
"290","26","22","7","7","30","13","24","37","118","C","pass","2025-03-12 12:22:52","2025-03-12 12:22:52"
"291","26","23","2","8","26","8","1","4","49","F","fail","2025-03-12 12:22:52","2025-03-12 12:22:52"
"292","26","24","10","7","25","16","30","60","148","A-","pass","2025-03-12 12:22:53","2025-03-12 12:22:53"
"293","26","25","5","8","15","18","27","29","102","D+","pass","2025-03-12 12:22:53","2025-03-12 12:22:53"
"294","26","26","7","2","15","14","4","42","84","F","fail","2025-03-12 12:22:53","2025-03-12 12:22:53"
"295","26","27","4","7","27","8","17","59","122","C+","pass","2025-03-12 12:22:53","2025-03-12 12:22:53"
"296","26","28","10","4","22","1","17","7","61","F","fail","2025-03-12 12:22:53","2025-03-12 12:22:53"
"297","26","29","5","0","9","7","15","33","69","F","fail","2025-03-12 12:22:53","2025-03-12 12:22:53"
"298","26","30","4","10","29","13","8","12","76","F","fail","2025-03-12 12:22:53","2025-03-12 12:22:53"
"299","26","31","1","10","16","3","28","55","113","C","pass","2025-03-12 12:22:53","2025-03-12 12:22:53"
"300","26","32","0","6","28","11","4","23","72","F","fail","2025-03-12 12:22:53","2025-03-12 12:22:53"
"301","26","33","8","1","2","10","0","49","70","F","fail","2025-03-12 12:22:53","2025-03-12 12:22:53"
"302","26","34","5","0","15","7","11","46","84","F","fail","2025-03-12 12:22:53","2025-03-12 12:22:53"
"303","26","35","1","6","9","1","4","1","22","F","fail","2025-03-12 12:22:53","2025-03-12 12:22:53"
"304","26","36","9","2","17","11","0","35","74","F","fail","2025-03-12 12:22:53","2025-03-12 12:22:53"
"305","26","41","1","9","17","3","9","51","90","D-","pass","2025-03-12 12:22:53","2025-03-12 12:22:53"
"306","26","42","9","10","17","14","12","29","91","D-","pass","2025-03-12 12:22:53","2025-03-12 12:22:53"
"307","26","43","4","7","19","23","12","4","69","F","fail","2025-03-12 12:22:53","2025-03-12 12:22:53"
"308","26","44","3","4","30","11","5","0","53","F","fail","2025-03-12 12:22:53","2025-03-12 12:22:53"
"309","29","1","8","8","11","19","3","9","58","F","fail","2025-03-12 12:22:53","2025-03-12 12:22:53"
"310","29","2","3","1","22","13","28","22","89","D-","pass","2025-03-12 12:22:53","2025-03-12 12:22:53"
"311","29","3","3","8","1","12","3","14","41","F","fail","2025-03-12 12:22:53","2025-03-12 12:22:53"
"312","29","4","10","5","0","0","25","0","40","F","fail","2025-03-12 12:22:53","2025-03-12 12:22:53"
"313","29","5","10","9","22","7","24","54","126","B-","pass","2025-03-12 12:22:53","2025-03-12 12:22:53"
"314","29","6","8","0","7","13","26","15","69","F","fail","2025-03-12 12:22:53","2025-03-12 12:22:53"
"315","29","7","4","0","15","6","0","39","64","F","fail","2025-03-12 12:22:53","2025-03-12 12:22:53"
"316","29","8","9","6","21","21","19","14","90","D-","pass","2025-03-12 12:22:53","2025-03-12 12:22:53"
"317","29","9","3","9","7","14","15","40","88","D-","pass","2025-03-12 12:22:54","2025-03-12 12:22:54"
"318","29","10","4","4","18","18","9","33","86","D-","pass","2025-03-12 12:22:54","2025-03-12 12:22:54"
"319","29","11","1","7","20","8","14","57","107","D+","pass","2025-03-12 12:22:54","2025-03-12 12:22:54"
"320","29","12","7","1","10","10","8","23","59","F","fail","2025-03-12 12:22:54","2025-03-12 12:22:54"
"321","29","13","8","7","28","27","11","51","132","B","pass","2025-03-12 12:22:54","2025-03-12 12:22:54"
"322","29","14","8","6","14","9","10","37","84","F","fail","2025-03-12 12:22:54","2025-03-12 12:22:54"
"323","29","15","0","9","25","21","0","20","75","F","fail","2025-03-12 12:22:54","2025-03-12 12:22:54"
"324","29","16","6","5","15","14","0","28","68","F","fail","2025-03-12 12:22:54","2025-03-12 12:22:54"
"325","29","17","10","8","24","3","4","20","69","F","fail","2025-03-12 12:22:54","2025-03-12 12:22:54"
"326","29","18","1","7","30","4","7","47","96","D","pass","2025-03-12 12:22:54","2025-03-12 12:22:54"
"327","29","19","0","0","11","19","3","37","70","F","fail","2025-03-12 12:22:54","2025-03-12 12:22:54"
"328","29","20","9","3","3","8","5","35","63","F","fail","2025-03-12 12:22:54","2025-03-12 12:22:54"
"329","29","21","8","3","15","14","2","24","66","F","fail","2025-03-12 12:22:54","2025-03-12 12:22:54"
"330","29","22","10","8","17","10","21","49","115","C","pass","2025-03-12 12:22:54","2025-03-12 12:22:54"
"331","29","23","3","1","2","4","2","20","32","F","fail","2025-03-12 12:22:54","2025-03-12 12:22:54"
"332","29","24","1","1","1","16","24","34","77","F","fail","2025-03-12 12:22:54","2025-03-12 12:22:54"
"333","29","49","1","10","22","10","28","15","86","D-","pass","2025-03-12 12:22:54","2025-03-12 12:22:54"
"334","29","50","9","2","11","11","25","3","61","F","fail","2025-03-12 12:22:54","2025-03-12 12:22:54"
"335","29","51","6","7","26","5","23","14","81","F","fail","2025-03-12 12:22:54","2025-03-12 12:22:54"
"336","29","52","6","4","17","14","14","58","113","C","pass","2025-03-12 12:22:54","2025-03-12 12:22:54"
"337","29","53","8","5","5","6","3","17","44","F","fail","2025-03-12 12:22:54","2025-03-12 12:22:54"
"338","29","54","3","4","28","16","18","2","71","F","fail","2025-03-12 12:22:54","2025-03-12 12:22:54"
"339","29","55","7","7","21","10","17","11","73","F","fail","2025-03-12 12:22:54","2025-03-12 12:22:54"
"340","29","56","1","0","15","19","21","58","114","C","pass","2025-03-12 12:22:55","2025-03-12 12:22:55"
"341","29","57","6","7","21","13","11","37","95","D","pass","2025-03-12 12:22:55","2025-03-12 12:22:55"
"342","29","58","4","8","0","13","5","58","88","D-","pass","2025-03-12 12:22:55","2025-03-12 12:22:55"
"343","29","59","0","0","12","13","5","13","43","F","fail","2025-03-12 12:22:55","2025-03-12 12:22:55"
"344","29","60","2","4","29","1","30","59","125","B-","pass","2025-03-12 12:22:55","2025-03-12 12:22:55"
"345","29","65","5","6","3","18","1","33","66","F","fail","2025-03-12 12:22:55","2025-03-12 12:22:55"
"346","29","66","1","3","20","16","15","27","82","F","fail","2025-03-12 12:22:55","2025-03-12 12:22:55"
"347","29","67","9","3","9","19","14","34","88","D-","pass","2025-03-12 12:22:55","2025-03-12 12:22:55"
"348","29","68","9","9","4","14","18","59","113","C","pass","2025-03-12 12:22:55","2025-03-12 12:22:55"
"349","30","1","2","10","6","11","24","55","108","C-","pass","2025-03-12 12:22:55","2025-03-12 12:22:55"
"350","30","2","8","7","15","16","7","9","62","F","fail","2025-03-12 12:22:55","2025-03-12 12:22:55"
"351","30","3","9","8","22","16","16","13","84","F","fail","2025-03-12 12:22:55","2025-03-12 12:22:55"
"352","30","4","1","4","27","7","9","11","59","F","fail","2025-03-12 12:22:55","2025-03-12 12:22:55"
"353","30","5","4","5","11","18","29","0","67","F","fail","2025-03-12 12:22:55","2025-03-12 12:22:55"
"354","30","6","7","4","5","11","11","19","57","F","fail","2025-03-12 12:22:55","2025-03-12 12:22:55"
"355","30","7","1","8","4","14","25","38","90","D-","pass","2025-03-12 12:22:55","2025-03-12 12:22:55"
"356","30","8","4","6","22","12","22","35","101","D","pass","2025-03-12 12:22:55","2025-03-12 12:22:55"
"357","30","9","8","9","27","13","10","49","116","C","pass","2025-03-12 12:22:55","2025-03-12 12:22:55"
"358","30","10","5","4","6","20","26","58","119","C+","pass","2025-03-12 12:22:55","2025-03-12 12:22:55"
"359","30","11","3","5","19","14","9","7","57","F","fail","2025-03-12 12:22:55","2025-03-12 12:22:55"
"360","30","12","2","10","18","8","17","3","58","F","fail","2025-03-12 12:22:55","2025-03-12 12:22:55"
"361","30","13","10","3","6","6","21","2","48","F","fail","2025-03-12 12:22:55","2025-03-12 12:22:55"
"362","30","14","7","0","17","14","5","10","53","F","fail","2025-03-12 12:22:56","2025-03-12 12:22:56"
"363","30","15","7","9","21","17","26","29","109","C-","pass","2025-03-12 12:22:56","2025-03-12 12:22:56"
"364","30","16","9","2","1","15","20","18","65","F","fail","2025-03-12 12:22:56","2025-03-12 12:22:56"
"365","30","17","10","5","3","7","19","12","56","F","fail","2025-03-12 12:22:56","2025-03-12 12:22:56"
"366","30","18","1","5","7","23","10","56","102","D+","pass","2025-03-12 12:22:56","2025-03-12 12:22:56"
"367","30","19","7","4","21","10","1","57","100","D","pass","2025-03-12 12:22:56","2025-03-12 12:22:56"
"368","30","20","9","5","12","13","10","40","89","D-","pass","2025-03-12 12:22:56","2025-03-12 12:22:56"
"369","30","21","3","8","25","16","25","48","125","B-","pass","2025-03-12 12:22:56","2025-03-12 12:22:56"
"370","30","22","4","10","9","25","13","16","77","F","fail","2025-03-12 12:22:56","2025-03-12 12:22:56"
"371","30","23","7","4","10","9","10","38","78","F","fail","2025-03-12 12:22:56","2025-03-12 12:22:56"
"372","30","24","6","9","7","23","29","27","101","D","pass","2025-03-12 12:22:56","2025-03-12 12:22:56"
"373","30","49","6","6","30","11","7","38","98","D","pass","2025-03-12 12:22:56","2025-03-12 12:22:56"
"374","30","50","10","10","25","8","2","6","61","F","fail","2025-03-12 12:22:56","2025-03-12 12:22:56"
"375","30","51","6","5","0","6","29","11","57","F","fail","2025-03-12 12:22:56","2025-03-12 12:22:56"
"376","30","52","2","7","3","19","23","58","112","C","pass","2025-03-12 12:22:56","2025-03-12 12:22:56"
"377","30","53","9","4","27","10","8","10","68","F","fail","2025-03-12 12:22:56","2025-03-12 12:22:56"
"378","30","54","5","5","19","7","5","55","96","D","pass","2025-03-12 12:22:56","2025-03-12 12:22:56"
"379","30","55","8","9","19","13","14","10","73","F","fail","2025-03-12 12:22:56","2025-03-12 12:22:56"
"380","30","56","1","1","14","13","13","7","49","F","fail","2025-03-12 12:22:56","2025-03-12 12:22:56"
"381","30","57","0","8","1","6","8","12","35","F","fail","2025-03-12 12:22:56","2025-03-12 12:22:56"
"382","30","58","7","4","25","12","22","19","89","D-","pass","2025-03-12 12:22:56","2025-03-12 12:22:56"
"383","30","59","3","3","21","11","19","14","71","F","fail","2025-03-12 12:22:56","2025-03-12 12:22:56"
"384","30","60","4","6","26","12","9","7","64","F","fail","2025-03-12 12:22:56","2025-03-12 12:22:56"
"385","30","65","7","8","16","14","13","6","64","F","fail","2025-03-12 12:22:56","2025-03-12 12:22:56"
"386","30","66","4","8","19","15","19","60","125","B-","pass","2025-03-12 12:22:56","2025-03-12 12:22:56"
"387","30","67","10","6","6","18","30","13","83","F","fail","2025-03-12 12:22:56","2025-03-12 12:22:56"
"388","30","68","2","10","13","17","6","54","102","D+","pass","2025-03-12 12:22:57","2025-03-12 12:22:57"
"389","33","1","8","5","2","4","0","35","54","F","fail","2025-03-12 12:22:57","2025-03-12 12:22:57"
"390","33","2","3","8","29","24","23","10","97","D","pass","2025-03-12 12:22:57","2025-03-12 12:22:57"
"391","33","3","7","7","16","22","20","17","89","D-","pass","2025-03-12 12:22:57","2025-03-12 12:22:57"
"392","33","4","6","10","14","1","27","48","106","D+","pass","2025-03-12 12:22:57","2025-03-12 12:22:57"
"393","33","5","8","3","16","9","27","20","83","F","fail","2025-03-12 12:22:57","2025-03-12 12:22:57"
"394","33","6","0","8","26","8","13","25","80","F","fail","2025-03-12 12:22:57","2025-03-12 12:22:57"
"395","33","7","8","1","26","17","12","38","102","D+","pass","2025-03-12 12:22:57","2025-03-12 12:22:57"
"396","33","8","4","5","28","13","12","30","92","D-","pass","2025-03-12 12:22:57","2025-03-12 12:22:57"
"397","33","9","6","3","24","15","13","6","67","F","fail","2025-03-12 12:22:57","2025-03-12 12:22:57"
"398","33","10","10","7","16","12","17","32","94","D","pass","2025-03-12 12:22:57","2025-03-12 12:22:57"
"399","33","11","10","9","7","8","28","22","84","F","fail","2025-03-12 12:22:57","2025-03-12 12:22:57"
"400","33","12","10","10","14","4","24","8","70","F","fail","2025-03-12 12:22:57","2025-03-12 12:22:57"
"401","33","13","0","6","19","8","29","0","62","F","fail","2025-03-12 12:22:57","2025-03-12 12:22:57"
"402","33","14","0","8","8","7","21","22","66","F","fail","2025-03-12 12:22:57","2025-03-12 12:22:57"
"403","33","15","4","2","14","10","4","30","64","F","fail","2025-03-12 12:22:57","2025-03-12 12:22:57"
"404","33","16","8","9","9","16","6","4","52","F","fail","2025-03-12 12:22:57","2025-03-12 12:22:57"
"405","33","17","5","9","7","18","18","47","104","D+","pass","2025-03-12 12:22:57","2025-03-12 12:22:57"
"406","33","18","2","7","0","1","23","29","62","F","fail","2025-03-12 12:22:57","2025-03-12 12:22:57"
"407","33","19","0","6","10","9","0","55","80","F","fail","2025-03-12 12:22:57","2025-03-12 12:22:57"
"408","33","20","4","9","26","10","25","40","114","C","pass","2025-03-12 12:22:57","2025-03-12 12:22:57"
"409","33","21","10","2","28","12","19","32","103","D+","pass","2025-03-12 12:22:57","2025-03-12 12:22:57"
"410","33","22","8","6","12","0","19","1","46","F","fail","2025-03-12 12:22:57","2025-03-12 12:22:57"
"411","33","23","0","8","16","14","14","59","111","C","pass","2025-03-12 12:22:57","2025-03-12 12:22:57"
"412","33","24","0","7","22","15","27","18","89","D-","pass","2025-03-12 12:22:57","2025-03-12 12:22:57"
"413","33","73","6","10","0","4","22","27","69","F","fail","2025-03-12 12:22:58","2025-03-12 12:22:58"
"414","33","74","4","10","16","19","26","16","91","D-","pass","2025-03-12 12:22:58","2025-03-12 12:22:58"
"415","33","75","3","2","22","9","18","10","64","F","fail","2025-03-12 12:22:58","2025-03-12 12:22:58"
"416","33","76","5","9","16","9","6","51","96","D","pass","2025-03-12 12:22:58","2025-03-12 12:22:58"
"417","33","77","1","3","30","15","15","49","113","C","pass","2025-03-12 12:22:58","2025-03-12 12:22:58"
"418","33","78","4","10","10","15","27","36","102","D+","pass","2025-03-12 12:22:58","2025-03-12 12:22:58"
"419","33","79","10","8","28","5","17","54","122","C+","pass","2025-03-12 12:22:58","2025-03-12 12:22:58"
"420","33","80","6","7","7","9","1","0","30","F","fail","2025-03-12 12:22:58","2025-03-12 12:22:58"
"421","33","81","3","6","15","9","12","12","57","F","fail","2025-03-12 12:22:58","2025-03-12 12:22:58"
"422","33","82","6","2","16","1","1","33","59","F","fail","2025-03-12 12:22:58","2025-03-12 12:22:58"
"423","33","83","7","1","18","13","2","3","44","F","fail","2025-03-12 12:22:58","2025-03-12 12:22:58"
"424","33","84","2","8","20","5","26","9","70","F","fail","2025-03-12 12:22:58","2025-03-12 12:22:58"
"425","33","89","0","9","18","15","9","26","77","F","fail","2025-03-12 12:22:58","2025-03-12 12:22:58"
"426","33","90","2","5","25","15","3","41","91","D-","pass","2025-03-12 12:22:58","2025-03-12 12:22:58"
"427","33","91","2","5","26","10","4","57","104","D+","pass","2025-03-12 12:22:59","2025-03-12 12:22:59"
"428","33","92","9","9","4","19","20","38","99","D","pass","2025-03-12 12:22:59","2025-03-12 12:22:59"
"429","34","1","3","4","2","17","13","13","52","F","fail","2025-03-12 12:22:59","2025-03-12 12:22:59"
"430","34","2","4","10","2","16","25","47","104","D+","pass","2025-03-12 12:22:59","2025-03-12 12:22:59"
"431","34","3","7","8","9","9","15","52","100","D","pass","2025-03-12 12:22:59","2025-03-12 12:22:59"
"432","34","4","2","5","0","21","13","3","44","F","fail","2025-03-12 12:22:59","2025-03-12 12:22:59"
"433","34","5","2","9","8","18","15","58","110","C-","pass","2025-03-12 12:22:59","2025-03-12 12:22:59"
"434","34","6","3","8","13","20","4","35","83","F","fail","2025-03-12 12:22:59","2025-03-12 12:22:59"
"435","34","7","2","8","2","8","27","13","60","F","fail","2025-03-12 12:22:59","2025-03-12 12:22:59"
"436","34","8","6","1","5","16","8","16","52","F","fail","2025-03-12 12:22:59","2025-03-12 12:22:59"
"437","34","9","6","6","17","15","23","7","74","F","fail","2025-03-12 12:22:59","2025-03-12 12:22:59"
"438","34","10","8","5","20","28","20","48","129","B","pass","2025-03-12 12:22:59","2025-03-12 12:22:59"
"439","34","11","1","6","8","18","21","11","65","F","fail","2025-03-12 12:22:59","2025-03-12 12:22:59"
"440","34","12","4","7","27","12","0","19","69","F","fail","2025-03-12 12:22:59","2025-03-12 12:22:59"
"441","34","13","10","1","10","9","23","26","79","F","fail","2025-03-12 12:22:59","2025-03-12 12:22:59"
"442","34","14","0","8","20","23","20","25","96","D","pass","2025-03-12 12:22:59","2025-03-12 12:22:59"
"443","34","15","6","5","1","13","4","43","72","F","fail","2025-03-12 12:22:59","2025-03-12 12:22:59"
"444","34","16","10","7","18","13","26","49","123","B-","pass","2025-03-12 12:22:59","2025-03-12 12:22:59"
"445","34","17","2","10","23","5","2","48","90","D-","pass","2025-03-12 12:22:59","2025-03-12 12:22:59"
"446","34","18","2","5","19","10","13","55","104","D+","pass","2025-03-12 12:22:59","2025-03-12 12:22:59"
"447","34","19","3","7","24","14","12","58","118","C","pass","2025-03-12 12:22:59","2025-03-12 12:22:59"
"448","34","20","2","7","22","18","9","17","75","F","fail","2025-03-12 12:22:59","2025-03-12 12:22:59"
"449","34","21","1","1","6","3","18","11","40","F","fail","2025-03-12 12:22:59","2025-03-12 12:22:59"
"450","34","22","0","10","29","16","12","22","89","D-","pass","2025-03-12 12:22:59","2025-03-12 12:22:59"
"451","34","23","7","8","8","17","23","39","102","D+","pass","2025-03-12 12:22:59","2025-03-12 12:22:59"
"452","34","24","7","6","23","8","21","15","80","F","fail","2025-03-12 12:22:59","2025-03-12 12:22:59"
"453","34","73","1","10","16","15","7","54","103","D+","pass","2025-03-12 12:22:59","2025-03-12 12:22:59"
"454","34","74","7","4","6","7","12","10","46","F","fail","2025-03-12 12:23:00","2025-03-12 12:23:00"
"455","34","75","3","2","27","13","2","17","64","F","fail","2025-03-12 12:23:00","2025-03-12 12:23:00"
"456","34","76","4","5","25","19","20","14","87","D-","pass","2025-03-12 12:23:00","2025-03-12 12:23:00"
"457","34","77","8","1","19","8","30","43","109","C-","pass","2025-03-12 12:23:00","2025-03-12 12:23:00"
"458","34","78","7","1","8","13","17","25","71","F","fail","2025-03-12 12:23:00","2025-03-12 12:23:00"
"459","34","79","10","9","15","22","26","40","122","C+","pass","2025-03-12 12:23:00","2025-03-12 12:23:00"
"460","34","80","5","10","12","3","13","39","82","F","fail","2025-03-12 12:23:00","2025-03-12 12:23:00"
"461","34","81","7","6","25","14","10","45","107","D+","pass","2025-03-12 12:23:00","2025-03-12 12:23:00"
"462","34","82","2","8","0","12","27","22","71","F","fail","2025-03-12 12:23:00","2025-03-12 12:23:00"
"463","34","83","9","0","27","25","23","50","134","B","pass","2025-03-12 12:23:00","2025-03-12 12:23:00"
"464","34","84","5","1","26","16","17","52","117","C","pass","2025-03-12 12:23:00","2025-03-12 12:23:00"
"465","34","89","6","4","0","7","16","3","36","F","fail","2025-03-12 12:23:00","2025-03-12 12:23:00"
"466","34","90","2","2","28","9","5","60","106","D+","pass","2025-03-12 12:23:00","2025-03-12 12:23:00"
"467","34","91","5","2","14","8","19","8","56","F","fail","2025-03-12 12:23:00","2025-03-12 12:23:00"
"468","34","92","6","4","8","20","18","51","107","D+","pass","2025-03-12 12:23:00","2025-03-12 12:23:00"
